서울 송파구 올림픽로 지하 140,서울특별시 송파구 잠실동 33,30,37.511951,127.092331
,서울특별시 송파구 잠실동 33,30,37.51199,127.092766
,서울특별시 송파구 잠실동 149,30,37.503559,127.073784
,서울특별시 송파구 잠실동 145,30,37.51012,127.071091
,서울특별시 송파구 마천동 14-11,30,37.502228,127.144165
,서울특별시 송파구 거여동 135-12,30,37.497804,127.143979
,서울특별시 송파구 마천동 141-7,30,37.498032,127.149666
,서울특별시 송파구 가락동 116-9,30,37.49263,127.123016
,서울특별시 송파구 풍납동309-2,30,37.531685,127.110603
,서울특별시 송파구 마천동331-5,30,37.490757,127.156921
,서울특별시 송파구 마천동196-6,30,37.49852,127.15358
,서울특별시 송파구 잠실동 331,30,37.503643,127.085899
,서울특별시 송파구 문정동 17-4,30,37.487621,127.129318
,서울특별시 송파구 풍납동388-15,30,37.52486,127.110992
,서울특별시 송파구 풍납동 400-1,30,37.528023,127.117592
,서울특별시 송파구 방이동 209-2,30,37.509559,127.123483
,서울특별시 송파구 문정동 618,30,37.480686,127.122383
,서울특별시 송파구 삼전동 130-14,30,37.506466,127.097076
,서울특별시 송파구 가락동 98-7,30,37.494167,127.119644
,서울특별시 송파구 잠실동 49,30,37.51099,127.10199
,서울특별시 송파구 풍납동 123-1,30,37.538811,127.117584
,서울특별시 송파구 풍납동 480-3,30,37.536385,127.122162
,서울특별시 송파구 풍납동 142-112,30,37.536312,127.118904
,서울특별시 송파구 풍납동 95-3,30,37.539936,127.119446
,서울특별시 송파구 풍납동 222-13,30,37.533657,127.116501
,서울특별시 송파구 풍납동 220-2,30,37.53397,127.114235
,서울특별시 송파구 풍납동 228-4,30,37.533237,127.116165
,서울특별시 송파구 방이동 220-5,30,37.507824,127.120827
,서울특별시 송파구 방이동 208-6,30,37.50959,127.124863
,서울특별시 송파구 방이동197-4,30,37.51078,127.122017
,서울특별시 송파구 방이동 176-2,30,37.514717,127.116806
,서울특별시 송파구 방이동 144,30,37.51302,127.115181
,서울특별시 송파구 방이동 153-6,30,37.512756,127.11705
,서울특별시 송파구 방이동 116-12,30,37.510033,127.114418
,서울특별시 송파구 방이동 109-19,30,37.511566,127.110527
,서울특별시 송파구 방이동 60-20,30,37.513969,127.110848
,서울특별시 송파구 송파동 13-16,30,37.506962,127.106308
,서울특별시 송파구 송파동 92-9,30,37.50388,127.111038
,서울특별시 송파구 송파동 145-23,30,37.507561,127.115898
,서울특별시 송파구 마천2동 89-2,30,37.500053,127.150864
,서울특별시 송파구 가락본동 118,30,37.492896,127.12431
,서울특별시 송파구 오금동 6,30,37.508418,127.132215
,서울특별시 송파구 마천2동 173-30,30,37.497871,127.151871
,서울특별시 송파구 가락본동 112-12,30,37.493635,127.122093
,서울특별시 송파구 가락2동 146-7,30,37.495659,127.12471
,서울특별시 송파구 송파1동 133-10,30,37.507655,127.11104
,서울특별시 송파구 가락2동 150-7,30,37.496547,127.126645
,서울특별시 송파구 방이동 163-4,30,37.511926,127.1214
,서울특별시 송파구 방이1동 219-9,30,37.507652,127.121346
,서울특별시 송파구 방이동 55-14,30,37.514268,127.112259
,서울특별시 송파구 방이동 98-9,30,37.514127,127.111489
,서울특별시 송파구 풍납동 396,30,37.527979,127.114624
,서울특별시 송파구 오금동 108,30,37.504349,127.140396
,서울특별시 송파구 오금동 159,30,37.497612,127.140343
,서울특별시 송파구 잠실본동 209-4,30,37.508091,127.086439
,서울특별시 송파구 송파1동 114,30,37.507259,127.111626
,서울특별시 송파구 송파2동 191,30,37.500484,127.113525
,서울특별시 송파구 가락2동 196-16,30,37.493096,127.131886
,서울특별시 송파구 가락본동 43-1,30,37.499233,127.119904
,서울특별시 송파구 가락본동 44,30,37.500156,127.121697
,서울특별시 송파구 가락본동 106,30,37.49131,127.121468
,서울특별시 송파구 가락1동 477,30,37.499238,127.107274
,서울특별시 송파구 풍납2동 391-17,30,37.526512,127.116005
,서울특별시 송파구 가락2동 141-3,30,37.494428,127.126869
,서울특별시 송파구 가락2동 163,30,37.496387,127.130341
,서울특별시 송파구 문정1동 12,30,37.489719,127.128395
,서울특별시 송파구 잠실본동 296,30,37.505876,127.079341
,서울특별시 송파구 문정1동 61,30,37.485409,127.123604
,서울특별시 송파구 문정1동 29-7,30,37.490083,127.124372
,서울특별시 송파구 잠실본동 304,30,37.505263,127.0788
,서울특별시 송파구 문정동 98-2,30,37.4828,127.129547
,서울특별시 송파구 잠실2동 22-10,30,37.514229,127.088554
,서울특별시 송파구 신천동 17-2,30,37.522091,127.104485
,서울특별시 송파구 신천동 20-6,30,37.520229,127.111931
,서울특별시 송파구 문정1동 53-18,30,37.487474,127.122478
,서울특별시 송파구 거여1동 12,30,37.495464,127.143295
,서울특별시 송파구 잠실본동 318-15,30,37.50423,127.082295
,서울특별시 송파구 송파동 121,30,37.504639,127.11454
,서울특별시 송파구 송파동 48-13,30,37.510239,127.111145
,서울특별시 송파구 송파동 112-5,30,37.505558,127.110527
,서울특별시 송파구 송파동 146-3,30,37.506336,127.116325
,서울특별시 송파구 송파동 183-3,30,37.500336,127.116097
,서울특별시 송파구 신천동 11-2,30,37.516483,127.104958
,서울특별시 송파구 마천동 123-12,30,37.497898,127.14801
,서울특별시 송파구 방이동 196-9,30,37.511791,127.122536
,서울특별시 송파구 방이동 89-24,30,37.516605,127.132065
,서울특별시 송파구 오금동 136,30,37.501045,127.140755
,서울특별시 송파구 가락동 81-6,30,37.495789,127.120651
,서울특별시 송파구 가락동 128-8,30,37.494984,127.124199
,서울특별시 송파구 문정동 45,30,37.48896,127.123756
,서울특별시 송파구 석촌동 273,30,37.500076,127.105278
,서울특별시 송파구 삼전동 96,30,37.505028,127.091507
,서울특별시 송파구 잠실동 175-4,30,37.511337,127.079071
,서울특별시 송파구 잠실동 225-10,30,37.506802,127.081421
,서울특별시 송파구 석촌동 14-7,30,37.502846,127.097672
,서울특별시 송파구 석촌동 244-11,30,37.500954,127.100601
,서울특별시 송파구 석촌동 212-4,30,37.50164,127.098747
,서울특별시 송파구 석촌동 77-1,30,37.504261,127.102951
,서울특별시 송파구 거여동 289,30,37.490211,127.143037
,서울특별시 송파구 마천2동 162-8,30,37.499443,127.152792
,서울특별시 송파구 석촌동 293-7,30,37.502281,127.108345
,서울특별시 송파구 방이1동 226-7,30,37.506223,127.121033
,서울특별시 송파구 방이1동 205-8,30,37.510053,127.126679
,서울특별시 송파구 송파동 95-26,30,37.502792,127.110138
,서울특별시 송파구 오금동 4-13,30,37.50872,127.133421
,서울특별시 송파구 오금동 41-24,30,37.507221,127.128769
,서울특별시 송파구 가락동 77-7,30,37.49577,127.120798
,서울특별시 송파구 오금동 10-7,30,37.508823,127.129784
,서울특별시 송파구 잠실동 331-4,30,37.503342,127.084335
,서울특별시 송파구 문정동 492-3,30,37.485184,127.115425
,서울특별시 송파구 장지동 420,30,37.481625,127.141846
,서울특별시 송파구 장지동 393,30,37.478382,127.142036
,서울특별시 송파구 장지동 393,30,37.474358,127.140686
,서울특별시 송파구 장지동 393,30,37.475582,127.142181
,서울특별시 송파구 장지동 393,30,37.478378,127.144142
,서울특별시 송파구 오금동 112,30,37.502563,127.141396
,서울특별시 송파구 오금동 80-5,30,37.505905,127.132904
,서울특별시 송파구 잠실본동 338,30,37.503516,127.086516
,서울특별시 송파구 거여동 5-10,30,37.497809,127.141307
,서울특별시 송파구 거여1동 12-1,30,37.495754,127.141715
,서울특별시 송파구 문정1동 2,30,37.491662,127.131879
,서울특별시 송파구 거여1동11,30,37.496292,127.141951
,서울특별시 송파구 거여2동 296-1,30,37.488447,127.14584
,서울특별시 송파구 문정동 150-8,30,37.489487,127.109981
,서울특별시 송파구 문정동 73-10,30,37.480376,127.125687
,서울특별시 송파구 마천1동 301-52,30,37.495419,127.15345
,서울특별시 송파구 마천2동 53,30,37.500565,127.151161
,서울특별시 송파구 마천2동 351-1,30,37.501316,127.152634
,서울특별시 송파구 문정동 139-8,30,37.489519,127.135011
,서울특별시 송파구 풍납동 338-8,30,37.530952,127.119231
,서울특별시 송파구 문정동 142-8,30,37.488115,127.135261
,서울특별시 송파구 방이2동 108,30,37.511917,127.113073
,서울특별시 송파구 방이동 109-9,30,37.511387,127.110039
,서울특별시 송파구 오금동 42-15,30,37.507759,127.127869
,서울특별시 송파구 장지동 844,30,37.478989,127.129794
,서울특별시 송파구 송파동 20-4,30,37.506969,127.109436
,서울특별시 송파구 오금동 84,30,37.506014,127.134012
,서울특별시 송파구 장지동 848,30,37.480931,127.133221
,서울특별시 송파구 풍납동 406-1,30,37.528844,127.117311
,서울특별시 송파구 잠실본동 240-12,30,37.507502,127.085907
,서울특별시 송파구 풍납동 399-20,30,37.527286,127.116231
,서울특별시 송파구 잠실동 234-18,30,37.505371,127.084992
,서울특별시 송파구 잠실본동 305-9,30,37.505064,127.0775
,서울특별시 송파구 문정2동 150-5,30,37.490726,127.113893
,서울특별시 송파구 풍납동,30,37.536342,127.117596
,서울특별시 송파구 풍납동,30,37.535845,127.117155
,서울특별시 송파구 풍납동,30,37.536449,127.117015
,서울특별시 송파구 풍납동,30,37.535749,127.116865
,서울특별시 송파구 풍납동,30,37.535961,127.11664
,서울특별시 송파구 풍납동,30,37.536139,127.117311
,서울특별시 송파구 잠실동 47,30,37.510523,127.101766
,서울특별시 송파구 오금동 117-1,30,37.503132,127.14086
,서울특별시 송파구 풍납1동 490-7,30,37.534559,127.121416
,서울특별시 송파구 방이동 124-35,30,37.510019,127.117525
,서울특별시 송파구 방이동 158,30,37.512973,127.118779
,서울특별시 송파구 오금동 158-17,30,37.498418,127.139307
,서울특별시 송파구 오금동 33-21,30,37.505742,127.130417
,서울특별시 송파구 오금동 33-11,30,37.504978,127.130173
,서울특별시 송파구 잠실동 16,30,37.516361,127.084206
,서울특별시 송파구 잠실동 82,30,37.50964,127.074112
,서울특별시 송파구 문정동 318,30,37.482571,127.120842
,서울특별시 송파구 문정동 305-7,30,37.48196,127.121025
,서울특별시 송파구 문정동 397-5,30,37.48103,127.118843
,서울특별시 송파구 문정동 400-2,30,37.481377,127.120117
,서울특별시 송파구 문정동 341-3,30,37.482319,127.120232
,서울특별시 송파구 문정동 466,30,37.485596,127.11335
,서울특별시 송파구 잠실동 197-3,30,37.508205,127.07975
,서울특별시 송파구 문정동 471,30,37.484314,127.113609
,서울특별시 송파구 문정동 512,30,37.486843,127.116623
,서울특별시 송파구 문정동 398-1,30,37.481594,127.119217
,서울특별시 송파구 오금동 105-2,30,37.506321,127.140953
,서울특별시 송파구 오금동 105-10,30,37.505974,127.140579
,서울특별시 송파구 오금동 101-7,30,37.505451,127.140228
,서울특별시 송파구 오금동 101-7,30,37.505203,127.140289
,서울특별시 송파구 오금동 101-7,30,37.504874,127.140015
,서울특별시 송파구 오금동 101-7,30,37.50441,127.140221
,서울특별시 송파구 오금동 97-23,30,37.505669,127.137168
,서울특별시 송파구 오금동 97-16,30,37.507165,127.13692
,서울특별시 송파구 문정동 2,30,37.489276,127.131597
,서울특별시 송파구 잠실동 202-8,30,37.509644,127.082268
,서울특별시 송파구 문정동 101,30,37.484516,127.130745
,서울특별시 송파구 문정동 91-6,30,37.485798,127.129341
,서울특별시 송파구 잠실동 225-5,30,37.507057,127.08197
,서울특별시 송파구 풍납동 83-47,30,37.538363,127.119777
,서울특별시 송파구 풍납동 88-54,30,37.538429,127.118218
,서울특별시 송파구 풍납동 80-24,30,37.538426,127.120512
,서울특별시 송파구 풍납동 80-24,30,37.537334,127.118127
,서울특별시 송파구 잠실동 223-21,30,37.507305,127.080895
,서울특별시 송파구 거여동 22-11,30,37.49411,127.144092
,서울특별시 송파구 가락동 160-5,30,37.501163,127.128014
,서울특별시 송파구 거여동 251-1,30,37.492101,127.145814
,서울특별시 송파구 가락동 171,30,37.49773,127.134361
,서울특별시 송파구 가락동 144-8,30,37.49522,127.126
,서울특별시 송파구 가락동 2-5,30,37.503357,127.125343
,서울특별시 송파구 가락동 82-8,30,37.495499,127.119339
,서울특별시 송파구 가락동 83-7,30,37.496117,127.118568
,서울특별시 송파구 거여동 289-5,30,37.48975,127.142876
,서울특별시 송파구 오금동 96-14,30,37.507226,127.134928
,서울특별시 송파구 오금동 116-12,30,37.503742,127.14054
,서울특별시 송파구 송파2동 176-5,30,37.502065,127.115912
,서울특별시 송파구 송파동 194-2,30,37.500358,127.112976
,서울특별시 송파구 풍납동 292-1,30,37.533814,127.1128
,서울특별시 송파구 석촌동 154-8,30,37.505635,127.102561
,서울특별시 송파구 거여2동 258-108,30,37.491281,127.147529
,서울특별시 송파구 거여2동 258-99,30,37.491276,127.147986
,서울특별시 송파구 마천1동 125-22,30,37.497813,127.148465
,서울특별시 송파구 송파1동 108-8,30,37.504379,127.111771
,서울특별시 송파구 마천동 180-11,30,37.495895,127.150968
,서울특별시 송파구 석촌동 238,30,37.500294,127.100193
,서울특별시 송파구 삼전동 172,30,37.499352,127.094834
,서울특별시 송파구 가락본동 16,30,37.50111,127.124633
,서울특별시 송파구 석촌동 235-11,30,37.502213,127.099899
,서울특별시 송파구 석촌동 247,30,37.502531,127.101045
,서울특별시 송파구 풍납1동 473-1,30,37.538177,127.122626
,서울특별시 송파구 마천1동 323-197,30,37.491853,127.155409
,서울특별시 송파구 석촌동 286-9,30,37.504093,127.10606
,서울특별시 송파구 송파1동 115-9,30,37.505917,127.11191
,서울특별시 송파구 마천1동 355-1,30,37.497164,127.155419
,서울특별시 송파구 풍납동 297-1,30,37.534993,127.112154
,서울특별시 송파구 삼전동 73-8,30,37.501836,127.093843
,서울특별시 송파구 삼전동 98-9,30,37.504581,127.093086
,서울특별시 송파구 마천2동 35-4,30,37.49905,127.14641
,서울특별시 송파구 마천2동 47-13,30,37.500954,127.148587
,서울특별시 송파구 마천2동 49-10,30,37.499865,127.148015
,서울특별시 송파구 삼전동 53-6,30,37.499795,127.090957
,서울특별시 송파구 가락본동 1,30,37.502841,127.12314
,서울특별시 송파구 송파동 128,30,37.506867,127.113502
,서울특별시 송파구 가락동 129,30,37.494215,127.125246
,서울특별시 송파구 마천2동 191-30,30,37.497565,127.152965
,서울특별시 송파구 가락동 124-21,30,37.493233,127.125533
,서울특별시 송파구 마천2동 140,30,37.498589,127.15036
,서울특별시 송파구 송파동 107,30,37.505051,127.112808
,서울특별시 송파구 마천2동 162-8,30,37.499383,127.152722
,서울특별시 송파구 방이동 131-5,30,37.510507,127.120443
,서울특별시 송파구 방이동 105-13,30,37.51101,127.111876
,서울특별시 송파구 가락동 150-16,30,37.497477,127.125954
,서울특별시 송파구 거여동 36-15,30,37.493454,127.146248
,서울특별시 송파구 거여동 567,30,37.492241,127.144241
,서울특별시 송파구 마천동 271-35,30,37.492443,127.158231
,서울특별시 송파구 마천동 362-25,30,37.495068,127.155685
,서울특별시 송파구 마천동 128-31,30,37.496193,127.149559
,서울특별시 송파구 마천동 581,30,37.497986,127.155602
,서울특별시 송파구 마천동 358-1,30,37.496262,127.155655
,서울특별시 송파구 마천동 279-1,30,37.492863,127.157059
,서울특별시 송파구 마천동 93-5,30,37.499119,127.149117
,서울특별시 송파구 마천동 90-13,30,37.501019,127.14949
,서울특별시 송파구 마천동 51-3,30,37.501701,127.150009
,서울특별시 송파구 마천동 7,30,37.501194,127.147049
,서울특별시 송파구 문정동 55-14,30,37.486546,127.122994
,서울특별시 송파구 문정동 16,30,37.487289,127.128616
,서울특별시 송파구 문정동 40-15,30,37.487667,127.124313
,서울특별시 송파구 삼전동 182-9,30,37.49939,127.096626
,서울특별시 송파구 삼전동 7,30,37.505478,127.089165
,서울특별시 송파구 삼전동 109,30,37.506229,127.093857
,서울특별시 송파구 삼전동 37-17,30,37.500988,127.088203
,서울특별시 송파구 마천동 1-39,30,37.503538,127.144803
,서울특별시 송파구 송파동 147-18,30,37.507124,127.116827
,서울특별시 송파구 신천동 17,30,37.523094,127.111665
,서울특별시 송파구 삼전동 123-2,30,37.50433,127.096542
,서울특별시 송파구 삼전동 22-4,30,37.506893,127.092674
,서울특별시 송파구 잠실동 315-4,30,37.504936,127.083092
,서울특별시 송파구 석촌동 1-4,30,37.506081,127.098755
,서울특별시 송파구 석촌동 54-29,30,37.503876,127.100075
,서울특별시 송파구 문정동 150,30,37.486809,127.114994
,서울특별시 송파구 문정동 150,30,37.487931,127.11823
,서울특별시 송파구 문정동 150,30,37.486268,127.113397
,서울특별시 송파구 잠실동 47,30,37.508518,127.097783
,서울특별시 송파구 마천동 309-41,30,37.493232,127.153273
,서울특별시 송파구 잠실동 233-6,30,37.506428,127.085384
,서울특별시 송파구 거여동 557-2,30,37.493393,127.142189
,서울특별시 송파구 풍납동 130-33,30,37.537736,127.118866
,서울특별시 송파구 풍납동 276-29,30,37.531106,127.113301
,서울특별시 송파구 풍납동 306-2,30,37.531661,127.112142
,서울특별시 송파구 거여동 1-7,30,37.499091,127.144219
,서울특별시 송파구 거여동 45-1,30,37.493546,127.147411
,서울특별시 송파구 마천동 12-1,30,37.502342,127.145483
,서울특별시 송파구 가락2동 193-12,30,37.49489,127.131365
,서울특별시 송파구 방이동 168-1,30,37.514057,127.120575
,서울특별시 송파구 풍납1동 169-3,30,37.534774,127.117025
,서울특별시 송파구 가락동 164-9,30,37.497181,127.13155
,서울특별시 송파구 문정동 4-15,30,37.490686,127.125928
,서울특별시 송파구 석촌동 229-3,30,37.499967,127.100284
,서울특별시 송파구 삼전동 116,30,37.5046,127.094398
,서울특별시 송파구 송파동 113,30,37.506293,127.110273
,서울특별시 송파구 풍납동 469-3,30,37.529113,127.109213
,서울특별시 송파구 문정동 70,30,37.483149,127.124653
,서울특별시 송파구 문정동 11-11,30,37.489155,127.127952
,서울특별시 송파구 문정동 150-10,30,37.489716,127.111925
,서울특별시 송파구 장지동 836,30,37.481737,127.130867
,서울특별시 송파구 잠실본동 239-8,30,37.506539,127.087686
,서울특별시 송파구 잠실본동 229,30,37.506924,127.085123
,서울특별시 송파구 잠실동 255,30,37.511875,127.078415
,서울특별시 송파구 신천동 17,30,37.521686,127.105196
,서울특별시 송파구 문정동 50-7,30,37.486596,127.124446
,서울특별시 송파구 신천동 7-2,30,37.517475,127.100325
,서울특별시 송파구 마천동 607,30,37.497406,127.158783
,서울특별시 송파구 마천동 607,30,37.494081,127.158461
,서울특별시 송파구 마천동 607,30,37.49419,127.159432
,서울특별시 송파구 마천동 582,30,37.499581,127.159798
,서울특별시 송파구 마천동 582,30,37.499412,127.159184
,서울특별시 송파구 송파구 오금동 51,30,37.502592,127.129558
,서울특별시 송파구 오금동 51,30,37.503578,127.132103
,서울특별시 송파구 오금동 51,30,37.500722,127.134791
,서울특별시 송파구 삼전동 53-11,30,37.499786,127.089249
,서울특별시 송파구 잠실동 39,30,37.512585,127.098183
,서울특별시 송파구 잠실동 50,30,37.51046,127.07161
,서울특별시 송파구 풍납동 88-77,30,37.538015,127.11753
,서울특별시 송파구 풍납동 165-2,30,37.53382,127.11772
,서울특별시 송파구 풍납동 403-2,30,37.528952,127.11577
,서울특별시 송파구 풍납동 388-8,30,37.526086,127.112454
,서울특별시 송파구 거여동 136-106,30,37.496222,127.144907
,서울특별시 송파구 거여동 5-3,30,37.498539,127.141965
,서울특별시 송파구 거여동 13-19,30,37.496841,127.140801
,서울특별시 송파구 거여동 568-5,30,37.492237,127.145012
,서울특별시 송파구 거여동 40-11,30,37.493783,127.14541
,서울특별시 송파구 마천동 308-23,30,37.492756,127.153457
,서울특별시 송파구 방이동 222-5,30,37.506997,127.120322
,서울특별시 송파구 방이동 58,30,37.515331,127.110998
,서울특별시 송파구 방이동 55-3,30,37.515307,127.112836
,서울특별시 송파구 방이동 35,30,37.515806,127.108883
,서울특별시 송파구 오금동 53-3,30,37.502951,127.133004
,서울특별시 송파구 오금동 152-3,30,37.499545,127.137527
,서울특별시 송파구 송파동 18-19,30,37.505937,127.107297
,서울특별시 송파구 송파동 97-47,30,37.501383,127.112357
,서울특별시 송파구 송파동 191,30,37.499819,127.112739
,서울특별시 송파구 석촌동 221-14,30,37.497621,127.09748
,서울특별시 송파구 석촌동 261,30,37.501815,127.102999
,서울특별시 송파구 석촌동 175,30,37.505394,127.105011
,서울특별시 송파구 삼전동 61-5,30,37.502631,127.090922
,서울특별시 송파구 가락동 98-5,30,37.493898,127.119068
,서울특별시 송파구 가락동 18-5,30,37.502027,127.12551
,서울특별시 송파구 가락동 173-18,30,37.495787,127.134388
,서울특별시 송파구 가락동 177-3,30,37.493941,127.13681
,서울특별시 송파구 방이동 186,30,37.511644,127.126748
,서울특별시 송파구 마천동 321-15,30,37.492911,127.155039
,서울특별시 송파구 마천동 143-17,30,37.497494,127.151421
,서울특별시 송파구 마천동 24-1,30,37.500397,127.144323
,서울특별시 송파구 마천동 128-50,30,37.496351,127.148994
,서울특별시 송파구 마천동 159-221,30,37.499078,127.15488
,서울특별시 송파구 방이동 127-7,30,37.508812,127.118697
,서울특별시 송파구 방이동 133-3,30,37.51125,127.119667
,서울특별시 송파구 방이동 134-6,30,37.509764,127.118796
,서울특별시 송파구 방이동 70-3,30,37.513743,127.110376
,서울특별시 송파구 방이동 104-5,30,37.512343,127.112095
,서울특별시 송파구 방이동 170,30,37.514515,127.119212
,서울특별시 송파구 방이동 45-4,30,37.516172,127.114554
,서울특별시 송파구 오금동 66-12,30,37.503012,127.135197
,서울특별시 송파구 오금동 61번지,30,37.501471,127.135551
,서울특별시 송파구 오금동 29-4,30,37.507887,127.131867
,서울특별시 송파구 오금동 8,30,37.508758,127.130788
,서울특별시 송파구 오금동 53-12,30,37.50236,127.133148
,서울특별시 송파구 송파동 117-7,30,37.506537,127.112914
,서울특별시 송파구 송파동 20-11,30,37.508263,127.109596
,서울특별시 송파구 송파동 118-11,30,37.506214,127.113449
,서울특별시 송파구 송파동 117-29,30,37.506412,127.112464
,서울특별시 송파구 송파동 117-12,30,37.505704,127.112226
,서울특별시 송파구 송파동 99,30,37.502858,127.113434
,서울특별시 송파구 송파동 산 162-3,30,37.504833,127.117071
,서울특별시 송파구 석촌동 297-28,30,37.501114,127.109757
,서울특별시 송파구 석촌동 244-4,30,37.501444,127.10157
,서울특별시 송파구 석촌동 217-9,30,37.4996,127.097317
,서울특별시 송파구 석촌동 158-11,30,37.506967,127.101775
,서울특별시 송파구 석촌동 283,30,37.503357,127.105172
,서울특별시 송파구 삼전동 118-4,30,37.50357,127.094147
,서울특별시 송파구 삼전동 33-7,30,37.502816,127.087462
,서울특별시 송파구 삼전동 53,30,37.500289,127.089295
,서울특별시 송파구 삼전동 164-5,30,37.500899,127.094953
,서울특별시 송파구 가락동 108-11,30,37.491448,127.125114
,서울특별시 송파구 가락동 133-13,30,37.493118,127.126882
,서울특별시 송파구 가락동 142-3,30,37.496038,127.126015
,서울특별시 송파구 가락동 154-19,30,37.497051,127.128464
,서울특별시 송파구 가락동 125-10,30,37.492416,127.126296
,서울특별시 송파구 문정동 8-23,30,37.490051,127.127396
,서울특별시 송파구 문정동 46-8,30,37.487975,127.122786
,서울특별시 송파구 문정동 80-9,30,37.481832,127.128706
,서울특별시 송파구 문정동 93,30,37.484641,127.128242
,서울특별시 송파구 문정동 80-2,30,37.480913,127.127624
,서울특별시 송파구 잠실동 301-6,30,37.504107,127.078852
,서울특별시 송파구 잠실동 221-5,30,37.508348,127.08117
,서울특별시 송파구 잠실동 206-15,30,37.508951,127.084514
,서울특별시 송파구 잠실동 199,30,37.509318,127.080565
,서울특별시 송파구 잠실본동 366,30,37.504049,127.076855
,서울특별시 송파구 잠실동 366,30,37.503204,127.075913
,서울특별시 송파구 잠실본동 366,30,37.503272,127.075487
,서울특별시 송파구 석촌동 156-5,30,37.505951,127.101371
,서울특별시 송파구 잠실동 223-6,30,37.507834,127.08042
,서울특별시 송파구 마천2동 38-8,30,37.49942,127.146547
,서울특별시 송파구 오금동 80-12,30,37.505525,127.132663
,서울특별시 송파구 석촌동 60-4,30,37.502991,127.100223
,서울특별시 송파구 가락본동 70-7,30,37.499162,127.118594
,서울특별시 송파구 마천1동 183-4,30,37.494997,127.151902
,서울특별시 송파구 오륜동 89-23,30,37.519231,127.133276
,서울특별시 송파구 잠실1동 19-1,30,37.51532,127.081155
,서울특별시 송파구 잠실3동 44-2,30,37.507146,127.09424
,서울특별시 송파구 잠실3동 27-5,30,37.51295,127.094632
,서울특별시 송파구 거여동 293-2,30,37.489682,127.144371
,서울특별시 송파구 가락동 164-9,30,37.497056,127.131907
,서울특별시 송파구 마천동 68-5,30,37.502381,127.154
,서울특별시 송파구 방이동 42-2,30,37.516455,127.112353
,서울특별시 송파구 가락본동 21,30,37.501914,127.123092
,서울특별시 송파구 장지동 321-9,30,37.478629,127.132868
,서울특별시 송파구 장지동 833,30,37.484245,127.135026
,서울특별시 송파구 장지동 833,30,37.484867,127.134368
,서울특별시 송파구 장지동 833,30,37.485743,127.134642
,서울특별시 송파구 장지동 833,30,37.48378,127.134181
,서울특별시 송파구 장지동 833,30,37.494378,127.138956
,서울특별시 송파구 장지동 833,30,37.495622,127.138127
,서울특별시 송파구 방이동 125,30,37.507572,127.119125
,서울특별시 송파구 방이동 125,30,37.507774,127.117752
,서울특별시 송파구 방이동 125,30,37.508278,127.118263
,서울특별시 송파구 방이동 125,30,37.508305,127.118195
,서울특별시 송파구 방이동 125,30,37.507469,127.119553
,서울특별시 송파구 방이동 125,30,37.508499,127.117516
,서울특별시 송파구 방이동 125,30,37.507477,127.119507
,서울특별시 송파구 방이동 125,30,37.507778,127.117813
,서울특별시 송파구 방이동 125,30,37.508507,127.117577
,서울특별시 송파구 풍납동 76-1,30,37.537458,127.12012
,서울특별시 송파구 방이동 141-2,30,37.510607,127.116734
,서울특별시 송파구 방이동 146-9,30,37.511213,127.115186
,서울특별시 송파구 석촌동 273-15,30,37.500359,127.107216
,서울특별시 송파구 풍납동 482-9,30,37.535301,127.121452
,서울특별시 송파구 풍납동 314,30,37.528214,127.110725
,서울특별시 송파구 풍납동 126-18,30,37.537721,127.117211
,서울특별시 송파구 풍납동 141-19,30,37.537218,127.119136
,서울특별시 송파구 거여동 128-3,30,37.498447,127.144581
,서울특별시 송파구 거여동 550-2,30,37.492198,127.148518
,서울특별시 송파구 마천동 211-45,30,37.493662,127.15544
,서울특별시 송파구 마천동 368-7,30,37.494536,127.15759
,서울특별시 송파구 마천동 15-7,30,37.501883,127.143207
,서울특별시 송파구 마천동 337-4,30,37.501296,127.154069
,서울특별시 송파구 마천동 5-1,30,37.502006,127.147985
,서울특별시 송파구 방이동 143-4,30,37.512165,127.117288
,서울특별시 송파구 방이동 193-14,30,37.51178,127.124237
,서울특별시 송파구 방이동 139,30,37.511848,127.117756
,서울특별시 송파구 방이동 220,30,37.508895,127.122274
,서울특별시 송파구 방이동 160-9,30,37.512386,127.120327
,서울특별시 송파구 방이동 116-20,30,37.510377,127.115079
,서울특별시 송파구 방이동 168-16,30,37.513103,127.119423
,서울특별시 송파구 오금동 132,30,37.50168,127.140477
,서울특별시 송파구 오금동 123,30,37.504635,127.138012
,서울특별시 송파구 오금동 55-4,30,37.502215,127.132668
,서울특별시 송파구 오금동 150-2,30,37.500828,127.137809
,서울특별시 송파구 송파동 36-2,30,37.509279,127.107445
,서울특별시 송파구 송파동 87-7,30,37.504272,127.108696
,서울특별시 송파구 송파동 175-3,30,37.502995,127.115664
,서울특별시 송파구 송파동 92-8,30,37.504301,127.110143
,서울특별시 송파구 송파동 136-2,30,37.509421,127.112748
,서울특별시 송파구 석촌동 184-8,30,37.506336,127.105286
,서울특별시 송파구 석촌동 292-10,30,37.502835,127.108693
,서울특별시 송파구 석촌동 13-13,30,37.503307,127.098711
,서울특별시 송파구 석촌동 153-8,30,37.505142,127.102455
,서울특별시 송파구 삼전동 165-11,30,37.500733,127.093512
,서울특별시 송파구 삼전동 182-10,30,37.500044,127.096258
,서울특별시 송파구 삼전동 100-10,30,37.503931,127.091497
,서울특별시 송파구 삼전동 46-8,30,37.502772,127.089079
,서울특별시 송파구 가락동 72-11,30,37.497512,127.120503
,서울특별시 송파구 가락동 175-17,30,37.496288,127.136442
,서울특별시 송파구 가락동 135-24,30,37.493172,127.127861
,서울특별시 송파구 가락동 46,30,37.499476,127.122206
,서울특별시 송파구 송파구 가락동 152-18,30,37.498199,127.126244
,서울특별시 송파구 장지동 612-8,30,37.470021,127.125556
,서울특별시 송파구 문정동 34-7,30,37.487087,127.12542
,서울특별시 송파구 송파구 문정동 32-3,30,37.488444,127.125851
,서울특별시 송파구 문정동 96,30,37.483456,127.128658
,서울특별시 송파구 문정동 139-16,30,37.490223,127.133987
,서울특별시 송파구 잠실동 327-6,30,37.502214,127.085377
,서울특별시 송파구 잠실동 252,30,37.506855,127.089432
,서울특별시 송파구 잠실동 311,30,37.505391,127.081011
,서울특별시 송파구 잠실동 322-1,30,37.503951,127.08215
,서울특별시 송파구 잠실6동 11-9,30,37.516727,127.104797
,서울특별시 송파구 풍납동 234-6,30,37.531235,127.11689
,서울특별시 송파구 마천동 50-1,30,37.501598,127.14859
,서울특별시 송파구 마천동 349-9,30,37.500229,127.153069
,서울특별시 송파구 마천동 190-37,30,37.496918,127.153023
,서울특별시 송파구 송파동 85-11,30,37.505798,127.109665
,서울특별시 송파구 석촌동 161-3,30,37.506977,127.102875
,서울특별시 송파구 삼전동 48-7,30,37.503143,127.090523
,서울특별시 송파구 신천동 15,30,37.519943,127.104034
,서울특별시 송파구 삼전동 67-1,30,37.499981,127.092003
,서울특별시 송파구 송파동 47-3,30,37.509018,127.11087
,서울특별시 송파구 풍납2동 388,30,37.529998,127.110359
,서울특별시 송파구 풍납1동 485-14,30,37.535131,127.120569
,서울특별시 송파구 풍납동 251,30,37.532104,127.115143
,서울특별시 송파구 풍납동 229-14,30,37.534248,127.117142
,서울특별시 송파구 풍납동 159-11,30,37.533772,127.118652
,서울특별시 송파구 풍납동 400-1,30,37.528023,127.117653
,서울특별시 송파구 거여동 178-13,30,37.495258,127.144836
,서울특별시 송파구 마천2동 126-5,30,37.497131,127.148941
,서울특별시 송파구 마천동 38-1,30,37.499901,127.146317
,서울특별시 송파구 오금동 157-7,30,37.498466,127.140869
,서울특별시 송파구 송파동 188-3,30,37.499146,127.113525
,서울특별시 송파구 잠실본동 181-6,30,37.511555,127.082214
,서울특별시 송파구 방이2동 70-1,30,37.513073,127.110283
,서울특별시 송파구 방이2동 121,30,37.509415,127.115913
,서울특별시 송파구 송파1동 9-9,30,37.50922,127.105911
,서울특별시 송파구 송파1동 18-18,30,37.506966,127.108192
,서울특별시 송파구 송파1동 26-7,30,37.508163,127.107163
,서울특별시 송파구 송파1동 36-19,30,37.509563,127.107651
,서울특별시 송파구 송파1동 41-1,30,37.508602,127.10846
,서울특별시 송파구 송파1동 43-1,30,37.509438,127.110107
,서울특별시 송파구 송파1동 54-9,30,37.510159,127.108917
,서울특별시 송파구 송파1동 56-1,30,37.510696,127.107925
,서울특별시 송파구 방이2동 139,30,37.511868,127.118073
,서울특별시 송파구 잠실본동 220,30,37.507725,127.08094
,서울특별시 송파구 잠실본동 230,30,37.506508,127.083366
,서울특별시 송파구 거여1동 7,30,37.497894,127.142548
,서울특별시 송파구 풍납2동 501-24,30,37.531879,127.119103
,서울특별시 송파구 마천1동 307-6,30,37.494518,127.152275
,서울특별시 송파구 마천2동 53,30,37.500919,127.15165
,서울특별시 송파구 방이1동 220-4,30,37.510052,127.120926
,서울특별시 송파구 풍납동 490-6,30,37.534489,127.121719
,서울특별시 송파구 거여1동 16,30,37.494869,127.142706
,서울특별시 송파구 거여동 21-5,30,37.49379,127.14325
,서울특별시 송파구 거여동 36-6,30,37.493057,127.146095
,서울특별시 송파구 거여동 183-5,30,37.497231,127.147553
,서울특별시 송파구 문정동 145,30,37.490196,127.13591
,서울특별시 송파구 석촌동 10-6,30,37.504044,127.097237
,서울특별시 송파구 석촌동 14-12,30,37.502728,127.098679
,서울특별시 송파구 삼전동 180-3,30,37.50235,127.096603
,서울특별시 송파구 삼전동 101-12,30,37.503044,127.093208
,서울특별시 송파구 삼전동 3-4,30,37.506371,127.089897
,서울특별시 송파구 송파2동 178,30,37.501377,127.115265
,서울특별시 송파구 송파동 166,30,37.504837,127.12027
,서울특별시 송파구 석촌동 246-28,30,37.503635,127.103539
,서울특별시 송파구 석촌동 150-13,30,37.50441,127.102379
,서울특별시 송파구 석촌동 60-13,30,37.503315,127.101517
,서울특별시 송파구 삼전동 22-3,30,37.507133,127.09269
,서울특별시 송파구 가락동 70,30,37.497627,127.119659
,서울특별시 송파구 가락동 28,30,37.500637,127.122528
,서울특별시 송파구 가락동 111-22,30,37.49263,127.122429
,서울특별시 송파구 가락동 164-14,30,37.496075,127.130699
,서울특별시 송파구 가락동 186-8,30,37.494316,127.135399
,서울특별시 송파구 가락동 196-4,30,37.493366,127.1315
,서울특별시 송파구 가락동 163,30,37.498005,127.130341
,서울특별시 송파구 문정동 83-4,30,37.482105,127.127022
,서울특별시 송파구 문정동 73-2,30,37.480915,127.126656
,서울특별시 송파구 문정동 83-8,30,37.483437,127.127419
,서울특별시 송파구 문정동 63-9,30,37.485481,127.126236
,서울특별시 송파구 잠실동 213-4,30,37.508389,127.083572
,서울특별시 송파구 신천동 17-3,30,37.523038,127.105178
,서울특별시 송파구 잠실본동 236-17,30,37.505623,127.08683
,서울특별시 송파구 잠실동 129,30,37.503998,127.07536
,서울특별시 송파구 잠실동 145,30,37.508526,127.071327
,서울특별시 송파구 오금동 27,30,37.506882,127.131401
,서울특별시 송파구 가락동 37,30,37.498867,127.124405
,서울특별시 송파구 가락동 152-3,30,37.497643,127.126724
,서울특별시 송파구 가락동 195,30,37.493359,127.13102
,서울특별시 송파구 문정동 2,30,37.490379,127.132263
,서울특별시 송파구 문정동 2-5,30,37.486652,127.12957
,서울특별시 송파구 문정동 2-5,30,37.487942,127.131165
,서울특별시 송파구 문정동 2-5,30,37.486023,127.125069
,서울특별시 송파구 문정동 2-5,30,37.492893,127.136826
,서울특별시 송파구 잠실동 19,30,37.514129,127.081279
,서울특별시 송파구 풍납동 279-2,30,37.532948,127.115044
,서울특별시 송파구 거여동 181-298,30,37.496193,127.146767
,서울특별시 송파구 거여동 258-144,30,37.492837,127.142756
,서울특별시 송파구 거여동 291-1,30,37.4909,127.147334
,서울특별시 송파구 마천동 283-33,30,37.493759,127.157036
,서울특별시 송파구 마천동 340-10,30,37.500504,127.154091
,서울특별시 송파구 마천동118-19,30,37.498129,127.146977
,서울특별시 송파구 방이동64-5,30,37.514797,127.109261
,서울특별시 송파구 방이동 192-6,30,37.512573,127.123543
,서울특별시 송파구 잠실본동 209-5,30,37.508625,127.087074
,서울특별시 송파구 문정동 150-5,30,37.49086,127.113426
,서울특별시 송파구 잠실본동 313-10,30,37.505554,127.083321
,서울특별시 송파구 문정동 150-4,30,37.491196,127.114494
,서울특별시 송파구 문정2동 150-17,30,37.490238,127.111435
,서울특별시 송파구 잠실동 294-32,30,37.506195,127.081177
,서울특별시 송파구 잠실동 196,30,37.510239,127.078862
,서울특별시 송파구 잠실본동 336-9,30,37.503317,127.086909
,서울특별시 송파구 잠실동 335-2,30,37.504883,127.085701
,서울특별시 송파구 잠실본동 184-5,30,37.511433,127.08477
,서울특별시 송파구 잠실동 40-1,30,37.511929,127.095238
,서울특별시 송파구 잠실동 35-2,30,37.510384,127.086166
,서울특별시 송파구 신천동 29,30,37.51342,127.101395
,서울특별시 송파구 신천동 29-5,30,37.514458,127.106934
,서울특별시 송파구 잠실동 308,30,37.5039,127.0788
,서울특별시 송파구 잠실동 308,30,37.5039,127.0788
,서울특별시 송파구 잠실동 308,30,37.5039,127.0788
,서울특별시 송파구 신천동 14,30,37.52242,127.103
,서울특별시 송파구 신천동 14,30,37.52242,127.103
,서울특별시 송파구 신천동 14,30,37.52242,127.103
,서울특별시 송파구 풍납동 387,30,37.5251,127.1062
,서울특별시 송파구 풍납동 387,30,37.5251,127.1062
,서울특별시 송파구 풍납동 387,30,37.5251,127.1062
,서울특별시 송파구 풍납동 387,30,37.5251,127.1062
,서울특별시 송파구 신천동 21,30,37.52374,127.1096
,서울특별시 송파구 신천동 21,30,37.52374,127.1096
,서울특별시 송파구 신천동 21,30,37.52374,127.1096
,서울특별시 송파구 가락동 509,30,37.4977,127.0989
,서울특별시 송파구 가락동 509,30,37.4977,127.0989
,서울특별시 송파구 가락동 509,30,37.4977,127.0989
,서울특별시 송파구 가락동 509,30,37.4977,127.0989
,서울특별시 송파구 서울특별시 송파구 풍납동 94-4,30,37.539415,127.120189
,서울특별시 송파구 신천동 29-5,30,37.51448,127.1063
,서울특별시 송파구 가락동 167-3,30,37.497513,127.135605
,서울특별시 송파구 거여2동 296-2,30,37.488433,127.144403
,서울특별시 송파구 거여2동 291-1,30,37.490919,127.147464
,서울특별시 송파구 오금동 110,30,37.503527,127.141574
,서울특별시 송파구 송파2동 188,30,37.499733,127.11573
,서울특별시 송파구 마천2동 11,30,37.501239,127.145022
,서울특별시 송파구 마천2동 45,30,37.499575,127.148547
,서울특별시 송파구 방이동 127-4,30,37.507957,127.119408
,서울특별시 송파구 오금동126,30,37.503716,127.137253
,서울특별시 송파구 오금동 110,30,37.503597,127.142113
,서울특별시 송파구 송파동 95-3,30,37.503556,127.110103
,서울특별시 송파구 석촌동 249,30,37.500332,127.102074
,서울특별시 송파구 삼전동 70,30,37.499313,127.092979
,서울특별시 송파구 삼전동 172-2,30,37.49835,127.094533
,서울특별시 송파구 가락동 181-15,30,37.495084,127.134503
,서울특별시 송파구 문정동 93-19,30,37.484314,127.129608
,서울특별시 송파구 잠실본동 230-1,30,37.506161,127.084763
,서울특별시 송파구 신천동 9,30,37.52154,127.100058
,서울특별시 송파구 잠실동 341,30,37.501549,127.083519
,서울특별시 송파구 마천동 178-85,30,37.496693,127.152222
,서울특별시 송파구 가락동 197-5,30,37.492542,127.131073
,서울특별시 송파구 위례동 6,30,37.478291,127.141441
,서울특별시 송파구 위례동 7,30,37.479591,127.138733
,서울특별시 송파구 위례동 1,30,37.476097,127.137512
,서울특별시 송파구 위례동 2,30,37.474495,127.140617
,서울특별시 송파구 위례동 3,30,37.477261,127.141518
,서울특별시 송파구 위례동 4,30,37.477352,127.139122
,서울특별시 송파구 위례동 5,30,37.478458,127.139145
,서울특별시 송파구 거여동 20-7,30,37.494377,127.142204
,서울특별시 송파구 마천동 184-36,30,37.49633,127.153351
,서울특별시 송파구 장지동 847-1,30,37.48148,127.131393
,서울특별시 송파구 장지동 853,30,37.481197,127.134666
,서울특별시 송파구 신천동 17,30,37.522038,127.1073
,서울특별시 송파구 신천동 7-13,30,37.516911,127.100273
,서울특별시 송파구 거여동 296-2,30,37.488226,127.143614
,서울특별시 송파구 가락동 14,30,37.501263,127.125092
,서울특별시 송파구 방이동 189,30,37.511162,127.125031
,서울특별시 송파구 잠실동 338,30,37.503857,127.086327
,서울특별시 송파구 신천동 20-7,30,37.519745,127.109673
,서울특별시 송파구 송파동 152,30,37.503948,127.11573
,서울특별시 송파구 장지동 565-5,30,37.469204,127.126015
,서울특별시 송파구 방이동 224-19,30,37.50647,127.122292
,서울특별시 송파구 송파동 111-44,30,37.505821,127.111321
,서울특별시 송파구 석촌동 252-14,30,37.49918,127.102554
,서울특별시 송파구 잠실동 206-3,30,37.509136,127.084084
,서울특별시 송파구 잠실동 19-4,30,37.516293,127.079483
,서울특별시 송파구 마천동 162-15,30,37.499523,127.152268
,서울특별시 송파구 풍납1동 483-4,30,37.536049,127.121485
,서울특별시 송파구 방이1동 214,30,37.509169,127.123166
,서울특별시 송파구 송파동 33,30,37.509976,127.106959
,서울특별시 송파구 석촌동 27,30,37.505837,127.100123
,서울특별시 송파구 석촌동 162,30,37.506136,127.102772
,서울특별시 송파구 풍납2동 295-4,30,37.534435,127.112133
,서울특별시 송파구 석촌동 258,30,37.500429,127.103728
,서울특별시 송파구 석촌동 289-3,30,37.503104,127.10693
,서울특별시 송파구 오금동 51,30,37.501079,127.133568
,서울특별시 송파구 송파1동 113,30,37.506168,127.110504
,서울특별시 송파구 삼전동 37,30,37.501728,127.087017
,서울특별시 송파구 거여동258-119,30,37.490186,127.148391
,서울특별시 송파구 삼전동 168-13,30,37.499611,127.093117
,서울특별시 송파구 삼전동 95,30,37.505312,127.091989
,서울특별시 송파구 삼전동 110-7,30,37.506001,127.095734
,서울특별시 송파구 마천1동 188-2,30,37.496773,127.153954
,서울특별시 송파구 마천1동 329-6,30,37.492008,127.156441
,서울특별시 송파구 가락본동 37,30,37.498223,127.123346
,서울특별시 송파구 삼전동 4-2,30,37.506359,127.090988
,서울특별시 송파구 송파1동 129,30,37.507412,127.113197
,서울특별시 송파구 풍납동 74-11,30,37.537323,127.121376
,서울특별시 송파구 풍납2동 389-2,30,37.524826,127.115486
,서울특별시 송파구 가락본동 94,30,37.49921,127.117806
,서울특별시 송파구 가락본동 106-3,30,37.490143,127.122467
,서울특별시 송파구 가락2동 145-10,30,37.49442,127.125694
,서울특별시 송파구 가락2동 170-6,30,37.496959,127.133937
,서울특별시 송파구 방이1동 204-4,30,37.509945,127.125198
,서울특별시 송파구 문정동 123-1,30,37.487648,127.134306
,서울특별시 송파구 문정1동 28-9,30,37.489788,127.124336
,서울특별시 송파구 석촌동 277,30,37.501881,127.104401
,서울특별시 송파구 삼전동 57-15,30,37.50124,127.091553
,서울특별시 송파구 가락2동 198,30,37.493217,127.133308
,서울특별시 송파구 오금동 110,30,37.502675,127.14173
,서울특별시 송파구 문정1동 14,30,37.488285,127.128128
,서울특별시 송파구 문정1동 66,30,37.484978,127.124855
,서울특별시 송파구 거여동 136-49,30,37.496712,127.142853
,서울특별시 송파구 풍납동 406-1,30,37.52902,127.11701
,서울특별시 송파구 방이동 132-8,30,37.510609,127.121094
,서울특별시 송파구 방이동 180-3,30,37.515293,127.115501
,서울특별시 송파구 오금동 78-3,30,37.504662,127.135178
,서울특별시 송파구 마천동 146-7,30,37.498524,127.15126
,서울특별시 송파구 마천동 135-5,30,37.497101,127.149803
,서울특별시 송파구 풍납동 277-5,30,37.53248,127.1143
,서울특별시 송파구 거여동 178-80,30,37.495865,127.143898
,서울특별시 송파구 방이동 220,30,37.509529,127.122337
,서울특별시 송파구 오금동 4-7,30,37.509205,127.132591
,서울특별시 송파구 오금동 119-26,30,37.50304,127.13958
,서울특별시 송파구 송파동 116-9,30,37.506763,127.111191
,서울특별시 송파구 석촌동 278-9,30,37.501743,127.107895
,서울특별시 송파구 석촌동 263-5,30,37.502583,127.10405
,서울특별시 송파구 삼전동 71-15,30,37.500809,127.093063
,서울특별시 송파구 삼전동 174,30,37.50013,127.094978
,서울특별시 송파구 삼전동 111-5,30,37.506664,127.095635
,서울특별시 송파구 가락동 109,30,37.49086,127.123779
,서울특별시 송파구 잠실동 231-19,30,37.507233,127.084541
,서울특별시 송파구 신천동 20-7,30,37.520226,127.113922
,서울특별시 송파구 신천동 20-5,30,37.519997,127.112389
,서울특별시 송파구 방이동 168-6,30,37.512779,127.119736
,서울특별시 송파구 풍납동 388-1,30,37.526825,127.107277
,서울특별시 송파구 잠실동 44,30,37.510113,127.093224
,서울특별시 송파구 잠실동 47,30,37.509785,127.097717
,서울특별시 송파구 신천동 29-5,30,37.514805,127.105393
,서울특별시 송파구 신천동 29,30,37.514206,127.103546
,서울특별시 송파구 신천동 7-18,30,37.514088,127.102005
,서울특별시 송파구 신천동 32,30,37.51305,127.10611
,서울특별시 송파구 거여동 371-1,30,37.492476,127.141833
,서울특별시 송파구 마천동 45,30,37.500008,127.148628
,서울특별시 송파구 마천동 11,30,37.501701,127.145737
,서울특별시 송파구 오금동 132,30,37.501755,127.139961
,서울특별시 송파구 오금동 156,30,37.498978,127.138947
,서울특별시 송파구 송파동 34,30,37.509586,127.107056
,서울특별시 송파구 송파동 129,30,37.507317,127.112968
,서울특별시 송파구 삼전동 70,30,37.49958,127.092629
,서울특별시 송파구 삼전동 62-1,30,37.502522,127.09259
,서울특별시 송파구 가락동 37,30,37.497654,127.124023
,서울특별시 송파구 문정동 66,30,37.484756,127.125198
,서울특별시 송파구 역사부지공원1,30,37.536049,127.114197
,서울특별시 송파구 역사부지공원2,30,37.5364,127.114075
,서울특별시 송파구 역사부지공원3,30,37.536068,127.113709
,서울특별시 송파구 역사부지공원4,30,37.535873,127.113213
,서울특별시 송파구 석촌동 296,30,37.501423,127.108536
,서울특별시 송파구 석촌동 273-1,30,37.5005,127.105499
,서울특별시 송파구 가락동 16-18,30,37.500332,127.124947
,서울특별시 송파구 가락동 50-7,30,37.499126,127.122475
,서울특별시 송파구 가락동 70,30,37.497501,127.119484
,서울특별시 송파구 가락동 189-26,30,37.493306,127.134081
,서울특별시 송파구 문정동 150-26,30,37.49173,127.116516
,서울특별시 송파구 잠실동 40-1,30,37.512188,127.100586
,서울특별시 송파구 잠실동 24,30,37.516685,127.087393
,서울특별시 송파구 잠실동 24,30,37.516685,127.087393
,서울특별시 송파구 풍납1동 175,30,37.53577,127.115479
,서울특별시 송파구 문정1동 23-5,30,37.489098,127.126473
,서울특별시 송파구 마천동 34,30,37.498676,127.145691
,서울특별시 송파구 방이동 126-1,30,37.50983,127.118057
,서울특별시 송파구 방이동 207-6,30,37.509243,127.124779
,서울특별시 송파구 방이동 149-3,30,37.512726,127.113899
,서울특별시 송파구 오금동 17,30,37.509346,127.126755
,서울특별시 송파구 석촌동 256,30,37.500175,127.104256
,서울특별시 송파구 삼전동 28-10,30,37.503895,127.089211
,서울특별시 송파구 삼전동 1-1,30,37.507278,127.09169
,서울특별시 송파구 가락동 49-5,30,37.497444,127.121338
,서울특별시 송파구 가락동 137-5,30,37.492545,127.127898
,서울특별시 송파구 가락동 164-21,30,37.496399,127.131485
,서울특별시 송파구 잠실본동 314-14,30,37.504753,127.084794
,서울특별시 송파구 송파2동 99-2,30,37.502346,127.11419
,서울특별시 송파구 문정동 81,30,37.482426,127.128772
,서울특별시 송파구 방이동 125,30,37.508535,127.117958
,서울특별시 송파구 오금동 17,30,37.509644,127.127579
,서울특별시 송파구 거여1동 129-49,30,37.497703,127.144887
,서울특별시 송파구 송파2동 99-2,30,37.502342,127.11248
,서울특별시 송파구 거여2동 258-9,30,37.490807,127.149139
,서울특별시 송파구 석촌동 215-15,30,37.500516,127.098783
,서울특별시 송파구 가락본동 21,30,37.502359,127.12391
,서울특별시 송파구 마천1동 214,30,37.495251,127.155418
,서울특별시 송파구 석촌동 307,30,37.497868,127.098816
,서울특별시 송파구 방이2동 150,30,37.512721,127.114962
,서울특별시 송파구 송파동 95-45,30,37.503288,127.110756
,서울특별시 송파구 삼전동 132-5,30,37.503284,127.096542
,서울특별시 송파구 마천동 134-1,30,37.497627,127.150391
,서울특별시 송파구 가락2동 산78,30,37.49555,127.137599
,서울특별시 송파구 역사부지공원5,30,37.535725,127.113464
,서울특별시 송파구 역사부지공원6,30,37.535553,127.113167
,서울특별시 송파구 역사부지공원7,30,37.535389,127.113709
,서울특별시 송파구 역사부지공원8,30,37.535728,127.113937
,서울특별시 송파구 역사부지공원9,30,37.535709,127.11451
,서울특별시 송파구 역사부지공원10,30,37.535213,127.114342
,서울특별시 송파구 역사부지공원11,30,37.535717,127.115082
,서울특별시 송파구 역사부지공원12,30,37.535248,127.114983
,서울특별시 송파구 풍납동 499-4,30,37.533775,127.120468
,서울특별시 송파구 풍납동 257-24,30,37.529984,127.114716
,서울특별시 송파구 거여1동 133-82,30,37.497787,127.146271
,서울특별시 송파구 마천동 322-12,30,37.493092,127.154511
,서울특별시 송파구 마천동 167-9,30,37.498627,127.152626
,서울특별시 송파구 송파동 137-8,30,37.50853,127.112251
,서울특별시 송파구 송파동 110-15,30,37.504406,127.112526
,서울특별시 송파구 석촌동 253-2,30,37.499264,127.103767
,서울특별시 송파구 석촌동 287-9,30,37.504211,127.107414
,서울특별시 송파구 문정동 21-5,30,37.488766,127.127342
,서울특별시 송파구 장지동 862,30,37.480457,127.13784
,서울특별시 송파구 장지동 838,30,37.48089,127.1284
,서울특별시 송파구 풍납동 87-9,30,37.538357,127.119087
,서울특별시 송파구 풍납동 126-204,30,37.536671,127.116173
,서울특별시 송파구 풍납동 258-12,30,37.531429,127.113884
,서울특별시 송파구 풍납동 269-9,30,37.530128,127.112747
,서울특별시 송파구 방이동 187-14,30,37.511475,127.12561
,서울특별시 송파구 방이동135-11,30,37.510925,127.119423
,서울특별시 송파구 방이동 174,30,37.5149,127.117943
,서울특별시 송파구 방이동 144-11,30,37.511852,127.116066
,서울특별시 송파구 방이동 124-31,30,37.509079,127.115807
,서울특별시 송파구 방이동 89-6,30,37.51524,127.1393
,서울특별시 송파구 송파동 104,30,37.504047,127.113434
,서울특별시 송파구 송파동 57-13,30,37.511036,127.109169
,서울특별시 송파구 송파동 98-29,30,37.501747,127.111794
,서울특별시 송파구 송파동 97-42,30,37.500698,127.112274
,서울특별시 송파구 신천동 20-1,30,37.519573,127.109573
,서울특별시 송파구 거여동 550-12,30,37.492222,127.149231
,서울특별시 송파구 가락동 191-5,30,37.495407,127.134628
,서울특별시 송파구 문정동 25-9,30,37.488972,127.125603
,서울특별시 송파구 잠실동 101-1,30,37.503777,127.074074
,서울특별시 송파구 풍납2동 256-2,30,37.531307,127.114647
,서울특별시 송파구 문정동 90-3,30,37.484535,127.127388
,서울특별시 송파구 거여2동 296-1,30,37.488289,127.145033
,서울특별시 송파구 마천1동 183-4,30,37.495815,127.152565
,서울특별시 송파구 오금동 133-24,30,37.502213,127.140411
,서울특별시 송파구 오금동 151-2,30,37.500511,127.136833
,서울특별시 송파구 송파동 59,30,37.511208,127.109726
,서울특별시 송파구 송파동 147-6,30,37.507183,127.11776
,서울특별시 송파구 삼전동 181-6,30,37.500553,127.096726
,서울특별시 송파구 마천동 9-3,30,37.500427,127.146372
,서울특별시 송파구 거여동 1-18,30,37.499129,127.143312
,서울특별시 송파구 오금동 141,30,37.499916,127.140464
,서울특별시 송파구 오금동 75-4,30,37.502984,127.136756
,서울특별시 송파구 방이동89-24,30,37.516778,127.132066
,서울특별시 송파구 장지동 859,30,37.476674,127.130464
,서울특별시 송파구 장지동 860,30,37.47602,127.128565
,서울특별시 송파구 장지동 233-3,30,37.477182,127.121096
,서울특별시 송파구 문정동 419-11,30,37.478559,127.117209
,서울특별시 송파구 잠실동 1082-1,30,37.513675,127.069763
,서울특별시 송파구 방이동 103-21,30,37.51334,127.112251
,서울특별시 송파구 가락동 144-15,30,37.49538,127.125412
,서울특별시 송파구 방이동 89-16,30,37.512028,127.133835
,서울특별시 송파구 풍납2동 251,30,37.53207,127.116158
,서울특별시 송파구 삼전동 63,30,37.502113,127.09211
,서울특별시 송파구 가락본동 106,30,37.491402,127.123344
,서울특별시 송파구 문정동 90-3,30,37.485035,127.128067
,서울특별시 송파구 문정동 185-2,30,37.482693,127.131035
,서울특별시 송파구 잠실본동 229,30,37.506973,127.083481
,서울특별시 송파구 신천동 7-2,30,37.518363,127.100403
,서울특별시 송파구 잠실7동 354,30,37.505566,127.075089
,서울특별시 송파구 풍납1동 146-3,30,37.535247,127.11894
,서울특별시 송파구 송파동 148,30,37.506306,127.117469
,서울특별시 송파구 문정동 150-34,30,37.490769,127.115137
,서울특별시 송파구 문정동 78-18,30,37.481306,127.127596
,서울특별시 송파구 방이1동 165,30,37.513573,127.121811
,서울특별시 송파구 방이1동 167,30,37.513222,127.120232
,서울특별시 송파구 방이동 220,30,37.50954,127.120565
,서울특별시 송파구 풍납2동 388-7,30,37.526527,127.115059
,서울특별시 송파구 송파동 152,30,37.503599,127.116156
,서울특별시 송파구 송파동 144-7,30,37.508077,127.114958
,서울특별시 송파구 잠실동 299-19,30,37.504414,127.080582
,서울특별시 송파구 석촌동 212,30,37.501625,127.097466
,서울특별시 송파구 석촌동 269-11,30,37.501171,127.104721
,서울특별시 송파구 석촌동 280,30,37.502354,127.10601
,서울특별시 송파구 석촌동 34-8,30,37.502125,127.086891
,서울특별시 송파구 삼전동 11,30,37.505013,127.090088
,서울특별시 송파구 잠실동 241-14,30,37.507717,127.086586
,서울특별시 송파구 잠실동 251,30,37.506157,127.088875
,서울특별시 송파구 풍납동175,30,37.535671,127.116455
,서울특별시 송파구 마천동183-48,30,37.494911,127.152695
,서울특별시 송파구 오금동56-5,30,37.502388,127.133728
,서울특별시 송파구 오금동159,30,37.497013,127.140335
,서울특별시 송파구 송파동181-1,30,37.500729,127.115837
,서울특별시 송파구 송파동172,30,37.502048,127.117111
,서울특별시 송파구 석촌동160-1,30,37.507498,127.103124
,서울특별시 송파구 삼전동61-12,30,37.502598,127.092308
,서울특별시 송파구 가락본동,30,37.49958,127.120667
,서울특별시 송파구 문정동64-4,30,37.484482,127.12632
,서울특별시 송파구 방이동197,30,37.511688,127.121933
,서울특별시 송파구 문정동 626,30,37.478634,127.123566
,서울특별시 송파구 문정동 619,30,37.481472,127.122032
,서울특별시 송파구 장지동 841-4,30,37.477154,127.127571
,서울특별시 송파구 잠실동 19-9,30,37.512581,127.085197
,서울특별시 송파구 장지동 861-4,30,37.479614,127.136154
,서울특별시 송파구 장지동 861-4,30,37.479836,127.136826
,서울특별시 송파구 거여동145,30,37.494244,127.139938
,서울특별시 송파구 방이동52,30,37.514557,127.113983
,서울특별시 송파구 오금동123-2,30,37.504688,127.137238
,서울특별시 송파구 가락본동110,30,37.491627,127.124291
,서울특별시 송파구 가락본동118,30,37.492653,127.123886
,서울특별시 송파구 문정동92,30,37.485584,127.129227
,서울특별시 송파구 잠실본동230,30,37.506336,127.083756
,서울특별시 송파구 거여동 11,30,37.49741,127.141075
,서울특별시 송파구 거여동 552-4,30,37.494118,127.14151
,서울특별시 송파구 거여동 226-7,30,37.492069,127.150345
,서울특별시 송파구 잠실동 320,30,37.502144,127.082031
,서울특별시 송파구 거여동 548,30,37.491837,127.148216
,서울특별시 송파구 마천동 366-1,30,37.494595,127.156319
,서울특별시 송파구 마천동 311-112,30,37.493206,127.155113
,서울특별시 송파구 마천동 571,30,37.491615,127.158356
,서울특별시 송파구 거여1동 131-5,30,37.497298,127.144472
,서울특별시 송파구 송파2동 103-27,30,37.503502,127.113594
,서울특별시 송파구 거여1동 593-1,30,37.492712,127.14293
,서울특별시 송파구 삼전동 69-11,30,37.499046,127.091415
,서울특별시 송파구 풍납동 281-3,30,37.532864,127.11364
,서울특별시 송파구 잠실본동 188-8,30,37.51079,127.08288
,서울특별시 송파구 가락동 112-2,30,37.494343,127.122475
,서울특별시 송파구 문정1동 9-13,30,37.490616,127.127266
,서울특별시 송파구 문정1동 47,30,37.488193,127.123968
,서울특별시 송파구 신천동 21,30,37.52334,127.107237
,서울특별시 송파구 신천동 17,30,37.520294,127.104813
,서울특별시 송파구 신천동 17,30,37.520897,127.104912
,서울특별시 송파구 신천동 17,30,37.521675,127.104515
,서울특별시 송파구 신천동 20-5,30,37.520012,127.112518
,서울특별시 송파구 잠실7동 50-4,30,37.509022,127.074066
,서울특별시 송파구 거여2동 29,30,37.492236,127.146474
,서울특별시 송파구 잠실동 308,30,37.5039,127.0788
,서울특별시 송파구 잠실동 308,30,37.5039,127.0788
,서울특별시 송파구 신천동 14,30,37.52242,127.103
,서울특별시 송파구 신천동 14,30,37.52242,127.103
,서울특별시 송파구 풍납동 387,30,37.5251,127.1062
,서울특별시 송파구 신천동 21,30,37.52374,127.1096
,서울특별시 송파구 신천동 21,30,37.52374,127.1096
,서울특별시 송파구 가락동 509,30,37.4977,127.0989
,서울특별시 송파구 가락동 509,30,37.4977,127.0989
,서울특별시 송파구 가락동 509,30,37.4977,127.0989
,서울특별시 송파구 마천1동 277-7,30,37.492162,127.157157
,서울특별시 송파구 마천1동 360,30,37.495806,127.15711
,서울특별시 송파구 마천2동 128-2,30,37.496956,127.149353
,서울특별시 송파구 마천동 산 1-5,30,37.499558,127.15493
,서울특별시 송파구 마천동 산 1-5,30,37.500176,127.159031
,서울특별시 송파구 오금동 156,30,37.499244,127.138755
,서울특별시 송파구 마천동 산 1-5,30,37.500082,127.159507
,서울특별시 송파구 오금동 51,30,37.505112,127.131702
,서울특별시 송파구 마천동 산 1-5,30,37.499794,127.160965
,서울특별시 송파구 마천동 산 1-5,30,37.500431,127.160873
,서울특별시 송파구 방이동 195,30,37.513005,127.123291
,서울특별시 송파구 오금동 51,30,37.502121,127.129097
,서울특별시 송파구 오금동 51,30,37.500694,127.132111
,서울특별시 송파구 풍납1동 74,30,37.538254,127.121964
,서울특별시 송파구 마천동 88-34,30,37.500252,127.149895
,서울특별시 송파구 마천동 124-33,30,37.498337,127.148949
,서울특별시 송파구 마천동 348-8,30,37.499928,127.154022
,서울특별시 송파구 오금동 52-10,30,37.503826,127.133003
,서울특별시 송파구 오금동 70-18,30,37.504158,127.134903
,서울특별시 송파구 오금동 154-3,30,37.499813,127.138672
,서울특별시 송파구 석촌동 184-4,30,37.507332,127.104683
,서울특별시 송파구 석촌동 296,30,37.501072,127.108635
,서울특별시 송파구 석촌동 77-4,30,37.504478,127.103859
,서울특별시 송파구 석촌동 2-12,30,37.504742,127.097687
,서울특별시 송파구 석촌동 227,30,37.499336,127.098831
,서울특별시 송파구 석촌동 297-43,30,37.501507,127.10994
,서울특별시 송파구 삼전동 72-14,30,37.501934,127.0952
,서울특별시 송파구 삼전동 65-22,30,37.500137,127.092842
,서울특별시 송파구 삼전동 8-4,30,37.504601,127.08902
,서울특별시 송파구 삼전동 50-19,30,37.501896,127.090538
,서울특별시 송파구 삼전동 108-2,30,37.505711,127.094765
,서울특별시 송파구 삼전동 117-12,30,37.503738,127.095444
,서울특별시 송파구 가락동 96-15,30,37.49485,127.11747
,서울특별시 송파구 가락동 77-7,30,37.495174,127.121429
,서울특별시 송파구 가락동 101-6,30,37.48991,127.121193
,서울특별시 송파구 가락동 158-24,30,37.500664,127.128632
,서울특별시 송파구 가락동 169-7,30,37.496494,127.134644
,서울특별시 송파구 가락동 182-8,30,37.492798,127.135399
,서울특별시 송파구 문정동 26-5,30,37.489544,127.126129
,서울특별시 송파구 문정동 44-8,30,37.488579,127.122444
,서울특별시 송파구 문정동 48-14,30,37.487301,127.123123
,서울특별시 송파구 석촌동 224-12,30,37.498299,127.100632
,서울특별시 송파구 오금동 54-8,30,37.501175,127.132393
,서울특별시 송파구 문정동 137,30,37.489716,127.133408
,서울특별시 송파구 문정동 112-19,30,37.485363,127.132179
,서울특별시 송파구 문정동 863-4,30,37.479717,127.135269
,서울특별시 송파구 잠실동 205-19,30,37.509888,127.083878
,서울특별시 송파구 잠실동 217-6,30,37.507748,127.081818
,서울특별시 송파구 잠실동 249-5,30,37.504963,127.087799
,서울특별시 송파구 잠실동 339-13,30,37.502659,127.085434
,서울특별시 송파구 잠실동 302-5,30,37.503563,127.080177
,서울특별시 송파구 잠실동 231-3,30,37.507767,127.084786
,서울특별시 송파구 잠실동 22,30,37.5144,127.091408
,서울특별시 송파구 오금동 51,30,37.500669,127.133401
,서울특별시 송파구 방이동 125,30,37.507633,127.118134
,서울특별시 송파구 석촌동 248,30,37.50148,127.101769
,서울특별시 송파구 석촌동 248,30,37.50396,127.101547
,서울특별시 송파구 석촌동 248,30,37.501427,127.10231
,서울특별시 송파구 석촌동 248,30,37.503811,127.102814
,서울특별시 송파구 석촌동 248,30,37.502789,127.101845
,서울특별시 송파구 석촌동 248,30,37.502735,127.102646
,서울특별시 송파구 오금동 51,30,37.49991,127.134378
,서울특별시 송파구 석촌동 248,30,37.503059,127.101921
,서울특별시 송파구 석촌동 248,30,37.500736,127.102097
,서울특별시 송파구 석촌동 248,30,37.503315,127.102753
,서울특별시 송파구 석촌동 248,30,37.502171,127.102516
,서울특별시 송파구 방이동 174-4,30,37.514777,127.118311
,서울특별시 송파구 방이동 89-10,30,37.515326,127.134111
,서울특별시 송파구 오금동 81-6,30,37.506896,127.133093
,서울특별시 송파구 풍납동 389,30,37.526222,127.115766
,서울특별시 송파구 송파동 191-2,30,37.500272,127.115147
,서울특별시 송파구 송파동 105-15,30,37.503853,127.11245
,서울특별시 송파구 거여1동 358-1,30,37.493127,127.141692
,서울특별시 송파구 거여2동 198-1,30,37.494505,127.147243
,서울특별시 송파구 거여동258-30,30,37.491769,127.147359
,서울특별시 송파구 석촌동 19,30,37.504517,127.098849
,서울특별시 송파구 석촌동 54-31,30,37.504267,127.100405
,서울특별시 송파구 삼전동 52-13,30,37.501731,127.089978
,서울특별시 송파구 석촌동 180,30,37.506907,127.103746
,서울특별시 송파구 풍납2동 306-9,30,37.532333,127.112129
,서울특별시 송파구 풍납1동 124-5,30,37.538288,127.115963
,서울특별시 송파구 문정동 103,30,37.486111,127.131067
,서울특별시 송파구 마천1동 211-90,30,37.4942,127.154991
,서울특별시 송파구 오금동 47,30,37.504157,127.128102
,서울특별시 송파구 석촌동 278-19,30,37.501297,127.10668
,서울특별시 송파구 삼전동 28-17,30,37.503768,127.088275
,서울특별시 송파구 풍납1동 133-19,30,37.536698,127.118098
,서울특별시 송파구 삼전동 55,30,37.500847,127.090103
,서울특별시 송파구 삼전동 69-9,30,37.499086,127.09246
,서울특별시 송파구 가락2동 185,30,37.494055,127.135573
,서울특별시 송파구 가락본동 51,30,37.497973,127.121459
,서울특별시 송파구 마천2동 12-12,30,37.502335,127.144595
,서울특별시 송파구 가락본동 85,30,37.496658,127.119443
,서울특별시 송파구 문정동 25-6,30,37.488918,127.124996
,서울특별시 송파구 문정동 150-2,30,37.491762,127.119025
,서울특별시 송파구 문정동 75-10,30,37.479897,127.126751
,서울특별시 송파구 문정동 80-14,30,37.48248,127.129293
,서울특별시 송파구 문정동 115-5,30,37.487433,127.131337
,서울특별시 송파구 잠실동 305-7,30,37.504785,127.077794
,서울특별시 송파구 잠실동 180-2,30,37.510742,127.081544
,서울특별시 송파구 신천동 25,30,37.522999,127.115455
,서울특별시 송파구 풍납동 165,30,37.535431,127.117618
,서울특별시 송파구 송파동 169,30,37.501588,127.119109
,서울특별시 송파구 문정동 625,30,37.47893,127.12104
,서울특별시 송파구 문정동 625,30,37.479565,127.121007
,서울특별시 송파구 문정동 633,30,37.478493,127.125024
,서울특별시 송파구 오금동 6,30,37.508367,127.13229
,서울특별시 송파구 가락동 195,30,37.493781,127.131281
,서울특별시 송파구 잠실동 22,30,37.514139,127.087248
,서울특별시 송파구 잠실동 84,30,37.511173,127.077834
,서울특별시 송파구 잠실동 84,30,37.510088,127.076029
,서울특별시 송파구 잠실동 84,30,37.51048,127.075583
,서울특별시 송파구 잠실동 84,30,37.510476,127.074876
,서울특별시 송파구 신천동 32,30,37.512001,127.107752
,서울특별시 송파구 신천동 32,30,37.510216,127.103259
,서울특별시 송파구 신천동 32,30,37.510227,127.101212
,서울특별시 송파구 잠실동 47,30,37.507162,127.098216
,서울특별시 송파구 잠실동 47,30,37.509528,127.102614
,서울특별시 송파구 오금동 21,30,37.508533,127.129395
,서울특별시 송파구 신천동 17-10,30,37.519426,127.106694
,서울특별시 송파구 문정동 631,30,37.477357,127.121749
,서울특별시 송파구 잠실동 44-6,30,37.507597,127.094111
,서울특별시 송파구 가락동 28,30,37.50053,127.122844
,서울특별시 송파구 오금동 51,30,37.501028,127.132345
,서울특별시 송파구 풍납동 505-2,30,37.530762,127.119743
,서울특별시 송파구 석촌동 54-43,30,37.504953,127.099831
,서울특별시 송파구 석촌동 175-12,30,37.505799,127.106013
,서울특별시 송파구 삼전동 133-11,30,37.502956,127.095378
,서울특별시 송파구 삼전동 107-10,30,37.505278,127.093402
,서울특별시 송파구 가락동 131-5,30,37.494039,127.125881
,서울특별시 송파구 석촌동 242-9,30,37.499496,127.100853
,서울특별시 송파구 거여동 2-16,30,37.498271,127.143934
,서울특별시 송파구 마천동 283-40,30,37.493161,127.156157
,서울특별시 송파구 마천동 370-7,30,37.493605,127.157679
,서울특별시 송파구 오금동 61-6,30,37.502006,127.136237
,서울특별시 송파구 가락동 151-15,30,37.497367,127.126843
,서울특별시 송파구 풍납동 503-1,30,37.531721,127.119827
,서울특별시 송파구 잠실동 50-4,30,37.510621,127.07366
,서울특별시 송파구 장지동 834-2,30,37.485346,127.132764
,서울특별시 송파구 잠실본동 181-6,30,37.511555,127.082214
,서울특별시 송파구 방이2동 70-1,30,37.513073,127.110283
,서울특별시 송파구 방이2동 121,30,37.509415,127.115913
,서울특별시 송파구 송파1동 9-9,30,37.50922,127.105911
,서울특별시 송파구 송파1동 18-18,30,37.506966,127.108192
,서울특별시 송파구 송파1동 26-7,30,37.508163,127.107163
,서울특별시 송파구 송파1동 36-19,30,37.509563,127.107651
,서울특별시 송파구 송파1동 41-1,30,37.508602,127.10846
,서울특별시 송파구 송파1동 43-1,30,37.509438,127.110107
,서울특별시 송파구 송파1동 54-9,30,37.510159,127.108917
,서울특별시 송파구 송파1동 56-1,30,37.510696,127.107925
,서울특별시 송파구 방이2동 139,30,37.511868,127.118073
,서울특별시 송파구 잠실본동 220,30,37.507725,127.08094
,서울특별시 송파구 잠실본동 230,30,37.506508,127.083366
,서울특별시 송파구 거여1동 7,30,37.497894,127.142548
,서울특별시 송파구 풍납2동 501-24,30,37.531879,127.119103
,서울특별시 송파구 마천1동 307-6,30,37.494518,127.152275
,서울특별시 송파구 마천2동 53,30,37.500919,127.15165
,서울특별시 송파구 방이1동 220-4,30,37.510052,127.120926
,서울특별시 송파구 풍납동 490-6,30,37.534489,127.121719
,서울특별시 송파구 거여1동 16,30,37.494869,127.142706
,서울특별시 송파구 거여동 21-5,30,37.49379,127.14325
,서울특별시 송파구 거여동 36-6,30,37.493057,127.146095
,서울특별시 송파구 거여동 183-5,30,37.497231,127.147553
,서울특별시 송파구 문정동 145,30,37.490196,127.13591
,서울특별시 송파구 석촌동 10-6,30,37.504044,127.097237
,서울특별시 송파구 석촌동 14-12,30,37.502728,127.098679
,서울특별시 송파구 삼전동 180-3,30,37.50235,127.096603
,서울특별시 송파구 삼전동 101-12,30,37.503044,127.093208
,서울특별시 송파구 삼전동 3-4,30,37.506371,127.089897
,서울특별시 송파구 송파2동 178,30,37.501377,127.115265
,서울특별시 송파구 가락동 167-3,30,37.497513,127.135605
,서울특별시 송파구 잠실본동 209-5,30,37.508625,127.087074
,서울특별시 송파구 문정동 150-5,30,37.49086,127.113426
,서울특별시 송파구 잠실본동 313-10,30,37.505554,127.083321
,서울특별시 송파구 문정동 150-4,30,37.491196,127.114494
,서울특별시 송파구 문정2동 150-17,30,37.490238,127.111435
,서울특별시 송파구 잠실동 294-32,30,37.506195,127.081177
,서울특별시 송파구 잠실동 196,30,37.510239,127.078862
,서울특별시 송파구 잠실동 339-13,30,37.502659,127.085434
,서울특별시 송파구 잠실동 302-5,30,37.503563,127.080177
,서울특별시 송파구 잠실동 231-3,30,37.507767,127.084786
,서울특별시 송파구 잠실동 22,30,37.5144,127.091408
,서울특별시 송파구 잠실동 33,30,37.511951,127.092331
,서울특별시 송파구 잠실동 33,30,37.51199,127.092766
,서울특별시 송파구 잠실동 149,30,37.503559,127.073784
,서울특별시 송파구 잠실동 145,30,37.51012,127.071091
,서울특별시 송파구 마천동 14-11,30,37.502228,127.144165
,서울특별시 송파구 거여동 135-12,30,37.497804,127.143979
,서울특별시 송파구 마천동 141-7,30,37.498032,127.149666
,서울특별시 송파구 가락동 116-9,30,37.49263,127.123016
,서울특별시 송파구 풍납동309-2,30,37.531685,127.110603
,서울특별시 송파구 마천동331-5,30,37.490757,127.156921
,서울특별시 송파구 마천동196-6,30,37.49852,127.15358
,서울특별시 송파구 잠실동 331,30,37.503643,127.085899
,서울특별시 송파구 문정동 17-4,30,37.487621,127.129318
,서울특별시 송파구 풍납동388-15,30,37.52486,127.110992
,서울특별시 송파구 풍납동 400-1,30,37.528023,127.117592
,서울특별시 송파구 방이동 209-2,30,37.509559,127.123483
,서울특별시 송파구 문정동 618,30,37.480686,127.122383
,서울특별시 송파구 삼전동 130-14,30,37.506466,127.097076
,서울특별시 송파구 가락동 98-7,30,37.494167,127.119644
,서울특별시 송파구 잠실동 49,30,37.51099,127.10199
,서울특별시 송파구 풍납동 123-1,30,37.538811,127.117584
,서울특별시 송파구 풍납동 480-3,30,37.536385,127.122162
,서울특별시 송파구 풍납동 142-112,30,37.536312,127.118904
,서울특별시 송파구 풍납동 95-3,30,37.539936,127.119446
,서울특별시 송파구 풍납동 222-13,30,37.533657,127.116501
,서울특별시 송파구 풍납동 220-2,30,37.53397,127.114235
,서울특별시 송파구 풍납동 228-4,30,37.533237,127.116165
,서울특별시 송파구 방이동 220-5,30,37.507824,127.120827
,서울특별시 송파구 방이동 208-6,30,37.50959,127.124863
,서울특별시 송파구 방이동197-4,30,37.51078,127.122017
,서울특별시 송파구 방이동 176-2,30,37.514717,127.116806
,서울특별시 송파구 방이동 144,30,37.51302,127.115181
,서울특별시 송파구 방이동 153-6,30,37.512756,127.11705
,서울특별시 송파구 방이동 116-12,30,37.510033,127.114418
,서울특별시 송파구 방이동 109-19,30,37.511566,127.110527
,서울특별시 송파구 잠실본동 336-9,30,37.503317,127.086909
,서울특별시 송파구 잠실동 335-2,30,37.504883,127.085701
,서울특별시 송파구 잠실본동 184-5,30,37.511433,127.08477
,서울특별시 송파구 잠실동 40-1,30,37.511929,127.095238
,서울특별시 송파구 잠실동 35-2,30,37.510384,127.086166
,서울특별시 송파구 신천동 29,30,37.51342,127.101395
,서울특별시 송파구 신천동 29-5,30,37.514458,127.106934
,서울특별시 송파구 잠실동 308,30,37.5039,127.0788
,서울특별시 송파구 잠실동 308,30,37.5039,127.0788
,서울특별시 송파구 잠실동 308,30,37.5039,127.0788
,서울특별시 송파구 신천동 14,30,37.52242,127.103
,서울특별시 송파구 신천동 14,30,37.52242,127.103
,서울특별시 송파구 신천동 14,30,37.52242,127.103
,서울특별시 송파구 풍납동 387,30,37.5251,127.1062
,서울특별시 송파구 풍납동 387,30,37.5251,127.1062
,서울특별시 송파구 풍납동 387,30,37.5251,127.1062
,서울특별시 송파구 풍납동 387,30,37.5251,127.1062
,서울특별시 송파구 신천동 21,30,37.52374,127.1096
,서울특별시 송파구 신천동 21,30,37.52374,127.1096
,서울특별시 송파구 신천동 21,30,37.52374,127.1096
,서울특별시 송파구 가락동 509,30,37.4977,127.0989
,서울특별시 송파구 가락동 509,30,37.4977,127.0989
,서울특별시 송파구 가락동 509,30,37.4977,127.0989
,서울특별시 송파구 가락동 509,30,37.4977,127.0989
,서울특별시 송파구 서울특별시 송파구 풍납동 94-4,30,37.539415,127.120189
,서울특별시 송파구 신천동 29-5,30,37.51448,127.1063
,서울특별시 송파구 거여2동 296-2,30,37.488433,127.144403
,서울특별시 송파구 거여2동 291-1,30,37.490919,127.147464
,서울특별시 송파구 오금동 110,30,37.503527,127.141574
,서울특별시 송파구 송파2동 188,30,37.499733,127.11573
,서울특별시 송파구 마천2동 11,30,37.501239,127.145022
,서울특별시 송파구 마천2동 45,30,37.499575,127.148547
,서울특별시 송파구 오금동 110,30,37.502675,127.14173
,서울특별시 송파구 풍납1동 483-4,30,37.536049,127.121485
,서울특별시 송파구 방이1동 214,30,37.509169,127.123166
,서울특별시 송파구 송파동 33,30,37.509976,127.106959
,서울특별시 송파구 석촌동 27,30,37.505837,127.100123
,서울특별시 송파구 석촌동 162,30,37.506136,127.102772
,서울특별시 송파구 풍납2동 295-4,30,37.534435,127.112133
,서울특별시 송파구 석촌동 258,30,37.500429,127.103728
,서울특별시 송파구 방이동 60-20,30,37.513969,127.110848
,서울특별시 송파구 송파동 13-16,30,37.506962,127.106308
,서울특별시 송파구 송파동 92-9,30,37.50388,127.111038
,서울특별시 송파구 송파동 145-23,30,37.507561,127.115898
,서울특별시 송파구 송파동 121,30,37.504639,127.11454
,서울특별시 송파구 송파동 48-13,30,37.510239,127.111145
,서울특별시 송파구 송파동 112-5,30,37.505558,127.110527
,서울특별시 송파구 송파동 146-3,30,37.506336,127.116325
,서울특별시 송파구 송파동 183-3,30,37.500336,127.116097
,서울특별시 송파구 신천동 11-2,30,37.516483,127.104958
,서울특별시 송파구 마천동 123-12,30,37.497898,127.14801
,서울특별시 송파구 방이동 196-9,30,37.511791,127.122536
,서울특별시 송파구 방이동 89-24,30,37.516605,127.132065
,서울특별시 송파구 오금동 136,30,37.501045,127.140755
,서울특별시 송파구 가락동 81-6,30,37.495789,127.120651
,서울특별시 송파구 가락동 128-8,30,37.494984,127.124199
,서울특별시 송파구 문정동 45,30,37.48896,127.123756
,서울특별시 송파구 석촌동 273,30,37.500076,127.105278
,서울특별시 송파구 삼전동 96,30,37.505028,127.091507
,서울특별시 송파구 잠실동 175-4,30,37.511337,127.079071
,서울특별시 송파구 잠실동 225-10,30,37.506802,127.081421
,서울특별시 송파구 석촌동 14-7,30,37.502846,127.097672
,서울특별시 송파구 석촌동 244-11,30,37.500954,127.100601
,서울특별시 송파구 석촌동 212-4,30,37.50164,127.098747
,서울특별시 송파구 석촌동 77-1,30,37.504261,127.102951
,서울특별시 송파구 거여동 289,30,37.490211,127.143037
,서울특별시 송파구 마천2동 162-8,30,37.499443,127.152792
,서울특별시 송파구 석촌동 293-7,30,37.502281,127.108345
,서울특별시 송파구 방이1동 226-7,30,37.506223,127.121033
,서울특별시 송파구 방이1동 205-8,30,37.510053,127.126679
,서울특별시 송파구 송파동 95-26,30,37.502792,127.110138
,서울특별시 송파구 오금동 4-13,30,37.50872,127.133421
,서울특별시 송파구 오금동 41-24,30,37.507221,127.128769
,서울특별시 송파구 가락동 77-7,30,37.49577,127.120798
,서울특별시 송파구 오금동 10-7,30,37.508823,127.129784
,서울특별시 송파구 잠실동 331-4,30,37.503342,127.084335
,서울특별시 송파구 문정동 492-3,30,37.485184,127.115425
,서울특별시 송파구 장지동 420,30,37.481625,127.141846
,서울특별시 송파구 장지동 393,30,37.478382,127.142036
,서울특별시 송파구 석촌동 289-3,30,37.503104,127.10693
,서울특별시 송파구 오금동 51,30,37.501079,127.133568
,서울특별시 송파구 송파1동 113,30,37.506168,127.110504
,서울특별시 송파구 삼전동 37,30,37.501728,127.087017
,서울특별시 송파구 거여동258-119,30,37.490186,127.148391
,서울특별시 송파구 삼전동 168-13,30,37.499611,127.093117
,서울특별시 송파구 삼전동 95,30,37.505312,127.091989
,서울특별시 송파구 삼전동 110-7,30,37.506001,127.095734
,서울특별시 송파구 마천1동 188-2,30,37.496773,127.153954
,서울특별시 송파구 마천1동 329-6,30,37.492008,127.156441
,서울특별시 송파구 가락본동 37,30,37.498223,127.123346
,서울특별시 송파구 삼전동 4-2,30,37.506359,127.090988
,서울특별시 송파구 송파1동 129,30,37.507412,127.113197
,서울특별시 송파구 풍납동 74-11,30,37.537323,127.121376
,서울특별시 송파구 풍납2동 389-2,30,37.524826,127.115486
,서울특별시 송파구 가락본동 94,30,37.49921,127.117806
,서울특별시 송파구 가락본동 106-3,30,37.490143,127.122467
,서울특별시 송파구 가락2동 145-10,30,37.49442,127.125694
,서울특별시 송파구 가락2동 170-6,30,37.496959,127.133937
,서울특별시 송파구 방이1동 204-4,30,37.509945,127.125198
,서울특별시 송파구 문정동 123-1,30,37.487648,127.134306
,서울특별시 송파구 문정1동 28-9,30,37.489788,127.124336
,서울특별시 송파구 석촌동 277,30,37.501881,127.104401
,서울특별시 송파구 삼전동 57-15,30,37.50124,127.091553
,서울특별시 송파구 가락2동 198,30,37.493217,127.133308
,서울특별시 송파구 문정1동 14,30,37.488285,127.128128
,서울특별시 송파구 문정1동 66,30,37.484978,127.124855
,서울특별시 송파구 거여동 136-49,30,37.496712,127.142853
,서울특별시 송파구 풍납동 406-1,30,37.52902,127.11701
,서울특별시 송파구 방이동 132-8,30,37.510609,127.121094
,서울특별시 송파구 방이동 180-3,30,37.515293,127.115501
,서울특별시 송파구 오금동 78-3,30,37.504662,127.135178
,서울특별시 송파구 석촌동 296,30,37.501423,127.108536
,서울특별시 송파구 석촌동 273-1,30,37.5005,127.105499
,서울특별시 송파구 가락동 16-18,30,37.500332,127.124947
,서울특별시 송파구 가락동 50-7,30,37.499126,127.122475
,서울특별시 송파구 가락동 70,30,37.497501,127.119484
,서울특별시 송파구 가락동 189-26,30,37.493306,127.134081
,서울특별시 송파구 문정동 150-26,30,37.49173,127.116516
,서울특별시 송파구 장지동 393,30,37.474358,127.140686
,서울특별시 송파구 장지동 393,30,37.475582,127.142181
,서울특별시 송파구 장지동 393,30,37.478378,127.144142
,서울특별시 송파구 오금동 112,30,37.502563,127.141396
,서울특별시 송파구 오금동 80-5,30,37.505905,127.132904
,서울특별시 송파구 오금동 33-11,30,37.504978,127.130173
,서울특별시 송파구 잠실동 16,30,37.516361,127.084206
,서울특별시 송파구 잠실동 82,30,37.50964,127.074112
,서울특별시 송파구 문정동 318,30,37.482571,127.120842
,서울특별시 송파구 문정동 305-7,30,37.48196,127.121025
,서울특별시 송파구 문정동 397-5,30,37.48103,127.118843
,서울특별시 송파구 문정동 400-2,30,37.481377,127.120117
,서울특별시 송파구 문정동 341-3,30,37.482319,127.120232
,서울특별시 송파구 문정동 466,30,37.485596,127.11335
,서울특별시 송파구 잠실동 197-3,30,37.508205,127.07975
,서울특별시 송파구 문정동 471,30,37.484314,127.113609
,서울특별시 송파구 문정동 512,30,37.486843,127.116623
,서울특별시 송파구 문정동 398-1,30,37.481594,127.119217
,서울특별시 송파구 오금동 105-2,30,37.506321,127.140953
,서울특별시 송파구 오금동 105-10,30,37.505974,127.140579
,서울특별시 송파구 오금동 101-7,30,37.505451,127.140228
,서울특별시 송파구 오금동 101-7,30,37.505203,127.140289
,서울특별시 송파구 오금동 101-7,30,37.504874,127.140015
,서울특별시 송파구 오금동 101-7,30,37.50441,127.140221
,서울특별시 송파구 오금동 97-23,30,37.505669,127.137168
,서울특별시 송파구 오금동 97-16,30,37.507165,127.13692
,서울특별시 송파구 문정동 2,30,37.489276,127.131597
,서울특별시 송파구 잠실동 202-8,30,37.509644,127.082268
,서울특별시 송파구 문정동 101,30,37.484516,127.130745
,서울특별시 송파구 문정동 91-6,30,37.485798,127.129341
,서울특별시 송파구 잠실동 225-5,30,37.507057,127.08197
,서울특별시 송파구 풍납동 83-47,30,37.538363,127.119777
,서울특별시 송파구 풍납동 88-54,30,37.538429,127.118218
,서울특별시 송파구 풍납동 80-24,30,37.538426,127.120512
,서울특별시 송파구 풍납동 80-24,30,37.537334,127.118127
,서울특별시 송파구 잠실동 223-21,30,37.507305,127.080895
,서울특별시 송파구 거여동 22-11,30,37.49411,127.144092
,서울특별시 송파구 가락동 160-5,30,37.501163,127.128014
,서울특별시 송파구 거여동 251-1,30,37.492101,127.145814
,서울특별시 송파구 잠실동 40-1,30,37.512188,127.100586
,서울특별시 송파구 잠실동 24,30,37.516685,127.087393
,서울특별시 송파구 잠실동 24,30,37.516685,127.087393
,서울특별시 송파구 풍납1동 175,30,37.53577,127.115479
,서울특별시 송파구 문정1동 23-5,30,37.489098,127.126473
,서울특별시 송파구 마천동 34,30,37.498676,127.145691
,서울특별시 송파구 방이동 126-1,30,37.50983,127.118057
,서울특별시 송파구 방이동 207-6,30,37.509243,127.124779
,서울특별시 송파구 방이동 149-3,30,37.512726,127.113899
,서울특별시 송파구 오금동 17,30,37.509346,127.126755
,서울특별시 송파구 석촌동 256,30,37.500175,127.104256
,서울특별시 송파구 삼전동 28-10,30,37.503895,127.089211
,서울특별시 송파구 삼전동 1-1,30,37.507278,127.09169
,서울특별시 송파구 가락동 49-5,30,37.497444,127.121338
,서울특별시 송파구 가락동 137-5,30,37.492545,127.127898
,서울특별시 송파구 가락동 164-21,30,37.496399,127.131485
,서울특별시 송파구 잠실본동 314-14,30,37.504753,127.084794
,서울특별시 송파구 송파2동 99-2,30,37.502346,127.11419
,서울특별시 송파구 문정동 81,30,37.482426,127.128772
,서울특별시 송파구 방이동 125,30,37.508535,127.117958
,서울특별시 송파구 오금동 17,30,37.509644,127.127579
,서울특별시 송파구 거여1동 129-49,30,37.497703,127.144887
,서울특별시 송파구 송파2동 99-2,30,37.502342,127.11248
,서울특별시 송파구 거여2동 258-9,30,37.490807,127.149139
,서울특별시 송파구 석촌동 215-15,30,37.500516,127.098783
,서울특별시 송파구 가락본동 21,30,37.502359,127.12391
,서울특별시 송파구 마천1동 214,30,37.495251,127.155418
,서울특별시 송파구 석촌동 307,30,37.497868,127.098816
,서울특별시 송파구 방이2동 150,30,37.512721,127.114962
,서울특별시 송파구 송파동 95-45,30,37.503288,127.110756
,서울특별시 송파구 삼전동 132-5,30,37.503284,127.096542
,서울특별시 송파구 마천동 134-1,30,37.497627,127.150391
,서울특별시 송파구 가락2동 산78,30,37.49555,127.137599
,서울특별시 송파구 풍납2동 256-2,30,37.531307,127.114647
,서울특별시 송파구 문정동 90-3,30,37.484535,127.127388
,서울특별시 송파구 거여2동 296-1,30,37.488289,127.145033
,서울특별시 송파구 마천1동 183-4,30,37.495815,127.152565
,서울특별시 송파구 오금동 133-24,30,37.502213,127.140411
,서울특별시 송파구 오금동 151-2,30,37.500511,127.136833
,서울특별시 송파구 가락동 171,30,37.49773,127.134361
,서울특별시 송파구 송파동 59,30,37.511208,127.109726
,서울특별시 송파구 송파동 147-6,30,37.507183,127.11776
,서울특별시 송파구 삼전동 181-6,30,37.500553,127.096726
,서울특별시 송파구 마천동 9-3,30,37.500427,127.146372
,서울특별시 송파구 거여동 1-18,30,37.499129,127.143312
,서울특별시 송파구 오금동 141,30,37.499916,127.140464
,서울특별시 송파구 오금동 75-4,30,37.502984,127.136756
,서울특별시 송파구 방이동89-24,30,37.516778,127.132066
,서울특별시 송파구 장지동 859,30,37.476674,127.130464
,서울특별시 송파구 장지동 860,30,37.47602,127.128565
,서울특별시 송파구 장지동 233-3,30,37.477182,127.121096
,서울특별시 송파구 문정동 419-11,30,37.478559,127.117209
,서울특별시 송파구 잠실동 1082-1,30,37.513675,127.069763
,서울특별시 송파구 방이동 103-21,30,37.51334,127.112251
,서울특별시 송파구 가락동 144-15,30,37.49538,127.125412
,서울특별시 송파구 방이동 89-16,30,37.512028,127.133835
,서울특별시 송파구 풍납2동 251,30,37.53207,127.116158
,서울특별시 송파구 삼전동 63,30,37.502113,127.09211
,서울특별시 송파구 가락본동 106,30,37.491402,127.123344
,서울특별시 송파구 문정동 90-3,30,37.485035,127.128067
,서울특별시 송파구 문정동 185-2,30,37.482693,127.131035
,서울특별시 송파구 잠실본동 229,30,37.506973,127.083481
,서울특별시 송파구 신천동 7-2,30,37.518363,127.100403
,서울특별시 송파구 잠실7동 354,30,37.505566,127.075089
,서울특별시 송파구 풍납1동 146-3,30,37.535247,127.11894
,서울특별시 송파구 송파동 148,30,37.506306,127.117469
,서울특별시 송파구 문정동 150-34,30,37.490769,127.115137
,서울특별시 송파구 문정동 78-18,30,37.481306,127.127596
,서울특별시 송파구 방이1동 165,30,37.513573,127.121811
,서울특별시 송파구 방이1동 167,30,37.513222,127.120232
,서울특별시 송파구 방이동 220,30,37.50954,127.120565
,서울특별시 송파구 풍납2동 388-7,30,37.526527,127.115059
,서울특별시 송파구 송파동 152,30,37.503599,127.116156
,서울특별시 송파구 송파동 144-7,30,37.508077,127.114958
,서울특별시 송파구 거여1동 131-5,30,37.497298,127.144472
,서울특별시 송파구 송파2동 103-27,30,37.503502,127.113594
,서울특별시 송파구 거여1동 593-1,30,37.492712,127.14293
,서울특별시 송파구 삼전동 69-11,30,37.499046,127.091415
,서울특별시 송파구 풍납동 281-3,30,37.532864,127.11364
,서울특별시 송파구 잠실본동 188-8,30,37.51079,127.08288
,서울특별시 송파구 가락동 112-2,30,37.494343,127.122475
,서울특별시 송파구 문정1동 9-13,30,37.490616,127.127266
,서울특별시 송파구 문정1동 47,30,37.488193,127.123968
,서울특별시 송파구 신천동 21,30,37.52334,127.107237
,서울특별시 송파구 신천동 17,30,37.520294,127.104813
,서울특별시 송파구 신천동 17,30,37.520897,127.104912
,서울특별시 송파구 신천동 17,30,37.521675,127.104515
,서울특별시 송파구 신천동 20-5,30,37.520012,127.112518
,서울특별시 송파구 잠실7동 50-4,30,37.509022,127.074066
,서울특별시 송파구 거여2동 29,30,37.492236,127.146474
,서울특별시 송파구 잠실동 308,30,37.5039,127.0788
,서울특별시 송파구 잠실동 308,30,37.5039,127.0788
,서울특별시 송파구 신천동 14,30,37.52242,127.103
,서울특별시 송파구 신천동 14,30,37.52242,127.103
,서울특별시 송파구 풍납동 387,30,37.5251,127.1062
,서울특별시 송파구 신천동 21,30,37.52374,127.1096
,서울특별시 송파구 신천동 21,30,37.52374,127.1096
,서울특별시 송파구 가락동 509,30,37.4977,127.0989
,서울특별시 송파구 가락동 509,30,37.4977,127.0989
,서울특별시 송파구 가락동 509,30,37.4977,127.0989
,서울특별시 송파구 마천1동 277-7,30,37.492162,127.157157
,서울특별시 송파구 마천1동 360,30,37.495806,127.15711
,서울특별시 송파구 마천2동 128-2,30,37.496956,127.149353
,서울특별시 송파구 마천동 산 1-5,30,37.499558,127.15493
,서울특별시 송파구 마천동 산 1-5,30,37.500176,127.159031
,서울특별시 송파구 오금동 156,30,37.499244,127.138755
,서울특별시 송파구 마천동 산 1-5,30,37.500082,127.159507
,서울특별시 송파구 오금동 51,30,37.505112,127.131702
,서울특별시 송파구 마천동 산 1-5,30,37.499794,127.160965
,서울특별시 송파구 마천동 산 1-5,30,37.500431,127.160873
,서울특별시 송파구 방이동 195,30,37.513005,127.123291
,서울특별시 송파구 오금동 51,30,37.502121,127.129097
,서울특별시 송파구 오금동 51,30,37.500694,127.132111
,서울특별시 송파구 풍납1동 74,30,37.538254,127.121964
,서울특별시 송파구 오금동 51,30,37.500669,127.133401
,서울특별시 송파구 방이동 125,30,37.507633,127.118134
,서울특별시 송파구 석촌동 248,30,37.50148,127.101769
,서울특별시 송파구 석촌동 248,30,37.50396,127.101547
,서울특별시 송파구 석촌동 248,30,37.501427,127.10231
,서울특별시 송파구 석촌동 248,30,37.503811,127.102814
,서울특별시 송파구 석촌동 248,30,37.502789,127.101845
,서울특별시 송파구 석촌동 248,30,37.502735,127.102646
,서울특별시 송파구 오금동 51,30,37.49991,127.134378
,서울특별시 송파구 석촌동 248,30,37.503059,127.101921
,서울특별시 송파구 석촌동 248,30,37.500736,127.102097
,서울특별시 송파구 석촌동 248,30,37.503315,127.102753
,서울특별시 송파구 석촌동 248,30,37.502171,127.102516
,서울특별시 송파구 방이동 174-4,30,37.514777,127.118311
,서울특별시 송파구 방이동 89-10,30,37.515326,127.134111
,서울특별시 송파구 오금동 81-6,30,37.506896,127.133093
,서울특별시 송파구 풍납동 389,30,37.526222,127.115766
,서울특별시 송파구 송파동 191-2,30,37.500272,127.115147
,서울특별시 송파구 송파동 105-15,30,37.503853,127.11245
,서울특별시 송파구 거여1동 358-1,30,37.493127,127.141692
,서울특별시 송파구 거여2동 198-1,30,37.494505,127.147243
,서울특별시 송파구 거여동258-30,30,37.491769,127.147359
,서울특별시 송파구 석촌동 19,30,37.504517,127.098849
,서울특별시 송파구 석촌동 54-31,30,37.504267,127.100405
,서울특별시 송파구 삼전동 52-13,30,37.501731,127.089978
,서울특별시 송파구 석촌동 180,30,37.506907,127.103746
,서울특별시 송파구 풍납2동 306-9,30,37.532333,127.112129
,서울특별시 송파구 풍납1동 124-5,30,37.538288,127.115963
,서울특별시 송파구 문정동 103,30,37.486111,127.131067
,서울특별시 송파구 마천1동 211-90,30,37.4942,127.154991
,서울특별시 송파구 오금동 47,30,37.504157,127.128102
,서울특별시 송파구 석촌동 278-19,30,37.501297,127.10668
,서울특별시 송파구 삼전동 28-17,30,37.503768,127.088275
,서울특별시 송파구 풍납1동 133-19,30,37.536698,127.118098
,서울특별시 송파구 삼전동 55,30,37.500847,127.090103
,서울특별시 송파구 삼전동 69-9,30,37.499086,127.09246
,서울특별시 송파구 가락2동 185,30,37.494055,127.135573
,서울특별시 송파구 가락본동 51,30,37.497973,127.121459
,서울특별시 송파구 마천2동 12-12,30,37.502335,127.144595
,서울특별시 송파구 가락본동 85,30,37.496658,127.119443
,서울특별시 송파구 마천2동 89-2,30,37.500053,127.150864
,서울특별시 송파구 가락본동 118,30,37.492896,127.12431
,서울특별시 송파구 오금동 6,30,37.508418,127.132215
,서울특별시 송파구 마천2동 173-30,30,37.497871,127.151871
,서울특별시 송파구 가락본동 112-12,30,37.493635,127.122093
,서울특별시 송파구 가락2동 146-7,30,37.495659,127.12471
,서울특별시 송파구 송파1동 133-10,30,37.507655,127.11104
,서울특별시 송파구 가락2동 150-7,30,37.496547,127.126645
,서울특별시 송파구 방이동 163-4,30,37.511926,127.1214
,서울특별시 송파구 방이1동 219-9,30,37.507652,127.121346
,서울특별시 송파구 방이동 55-14,30,37.514268,127.112259
,서울특별시 송파구 방이동 98-9,30,37.514127,127.111489
,서울특별시 송파구 풍납동 396,30,37.527979,127.114624
,서울특별시 송파구 오금동 108,30,37.504349,127.140396
,서울특별시 송파구 오금동 159,30,37.497612,127.140343
,서울특별시 송파구 잠실본동 209-4,30,37.508091,127.086439
,서울특별시 송파구 송파1동 114,30,37.507259,127.111626
,서울특별시 송파구 송파2동 191,30,37.500484,127.113525
,서울특별시 송파구 가락2동 196-16,30,37.493096,127.131886
,서울특별시 송파구 가락본동 43-1,30,37.499233,127.119904
,서울특별시 송파구 가락본동 44,30,37.500156,127.121697
,서울특별시 송파구 가락본동 106,30,37.49131,127.121468
,서울특별시 송파구 가락1동 477,30,37.499238,127.107274
,서울특별시 송파구 풍납2동 391-17,30,37.526512,127.116005
,서울특별시 송파구 가락2동 141-3,30,37.494428,127.126869
,서울특별시 송파구 가락2동 163,30,37.496387,127.130341
,서울특별시 송파구 문정1동 12,30,37.489719,127.128395
,서울특별시 송파구 잠실본동 296,30,37.505876,127.079341
,서울특별시 송파구 문정1동 61,30,37.485409,127.123604
,서울특별시 송파구 문정1동 29-7,30,37.490083,127.124372
,서울특별시 송파구 잠실본동 304,30,37.505263,127.0788
,서울특별시 송파구 문정동 98-2,30,37.4828,127.129547
,서울특별시 송파구 잠실2동 22-10,30,37.514229,127.088554
,서울특별시 송파구 신천동 17-2,30,37.522091,127.104485
,서울특별시 송파구 신천동 20-6,30,37.520229,127.111931
,서울특별시 송파구 문정1동 53-18,30,37.487474,127.122478
,서울특별시 송파구 거여1동 12,30,37.495464,127.143295
,서울특별시 송파구 잠실본동 318-15,30,37.50423,127.082295
,서울특별시 송파구 잠실본동 338,30,37.503516,127.086516
,서울특별시 송파구 거여동 5-10,30,37.497809,127.141307
,서울특별시 송파구 거여1동 12-1,30,37.495754,127.141715
,서울특별시 송파구 문정1동 2,30,37.491662,127.131879
,서울특별시 송파구 거여1동11,30,37.496292,127.141951
,서울특별시 송파구 문정동 80-2,30,37.480913,127.127624
,서울특별시 송파구 잠실동 301-6,30,37.504107,127.078852
,서울특별시 송파구 잠실동 221-5,30,37.508348,127.08117
,서울특별시 송파구 잠실동 206-15,30,37.508951,127.084514
,서울특별시 송파구 잠실동 199,30,37.509318,127.080565
,서울특별시 송파구 잠실본동 366,30,37.504049,127.076855
,서울특별시 송파구 잠실동 366,30,37.503204,127.075913
,서울특별시 송파구 잠실본동 366,30,37.503272,127.075487
,서울특별시 송파구 석촌동 156-5,30,37.505951,127.101371
,서울특별시 송파구 잠실동 223-6,30,37.507834,127.08042
,서울특별시 송파구 마천2동 38-8,30,37.49942,127.146547
,서울특별시 송파구 오금동 80-12,30,37.505525,127.132663
,서울특별시 송파구 석촌동 60-4,30,37.502991,127.100223
,서울특별시 송파구 가락본동 70-7,30,37.499162,127.118594
,서울특별시 송파구 마천1동 183-4,30,37.494997,127.151902
,서울특별시 송파구 오륜동 89-23,30,37.519231,127.133276
,서울특별시 송파구 잠실1동 19-1,30,37.51532,127.081155
,서울특별시 송파구 잠실3동 44-2,30,37.507146,127.09424
,서울특별시 송파구 잠실3동 27-5,30,37.51295,127.094632
,서울특별시 송파구 거여동 293-2,30,37.489682,127.144371
,서울특별시 송파구 가락동 164-9,30,37.497056,127.131907
,서울특별시 송파구 마천동 68-5,30,37.502381,127.154
,서울특별시 송파구 방이동 42-2,30,37.516455,127.112353
,서울특별시 송파구 가락본동 21,30,37.501914,127.123092
,서울특별시 송파구 장지동 321-9,30,37.478629,127.132868
,서울특별시 송파구 장지동 833,30,37.484245,127.135026
,서울특별시 송파구 장지동 833,30,37.484867,127.134368
,서울특별시 송파구 장지동 833,30,37.485743,127.134642
,서울특별시 송파구 장지동 833,30,37.48378,127.134181
,서울특별시 송파구 장지동 833,30,37.494378,127.138956
,서울특별시 송파구 장지동 833,30,37.495622,127.138127
,서울특별시 송파구 방이동 125,30,37.507572,127.119125
,서울특별시 송파구 방이동 125,30,37.507774,127.117752
,서울특별시 송파구 방이동 125,30,37.508278,127.118263
,서울특별시 송파구 방이동 125,30,37.508305,127.118195
,서울특별시 송파구 방이동 125,30,37.507469,127.119553
,서울특별시 송파구 방이동 125,30,37.508499,127.117516
,서울특별시 송파구 거여2동 296-1,30,37.488447,127.14584
,서울특별시 송파구 문정동 150-8,30,37.489487,127.109981
,서울특별시 송파구 문정동 73-10,30,37.480376,127.125687
,서울특별시 송파구 마천1동 301-52,30,37.495419,127.15345
,서울특별시 송파구 마천2동 53,30,37.500565,127.151161
,서울특별시 송파구 마천2동 351-1,30,37.501316,127.152634
,서울특별시 송파구 문정동 139-8,30,37.489519,127.135011
,서울특별시 송파구 풍납동 338-8,30,37.530952,127.119231
,서울특별시 송파구 문정동 142-8,30,37.488115,127.135261
,서울특별시 송파구 방이2동 108,30,37.511917,127.113073
,서울특별시 송파구 방이동 109-9,30,37.511387,127.110039
,서울특별시 송파구 오금동 42-15,30,37.507759,127.127869
,서울특별시 송파구 장지동 844,30,37.478989,127.129794
,서울특별시 송파구 송파동 20-4,30,37.506969,127.109436
,서울특별시 송파구 오금동 84,30,37.506014,127.134012
,서울특별시 송파구 장지동 848,30,37.480931,127.133221
,서울특별시 송파구 풍납동 406-1,30,37.528844,127.117311
,서울특별시 송파구 잠실본동 240-12,30,37.507502,127.085907
,서울특별시 송파구 풍납동 399-20,30,37.527286,127.116231
,서울특별시 송파구 잠실동 234-18,30,37.505371,127.084992
,서울특별시 송파구 잠실본동 305-9,30,37.505064,127.0775
,서울특별시 송파구 문정2동 150-5,30,37.490726,127.113893
,서울특별시 송파구 풍납동,30,37.536342,127.117596
,서울특별시 송파구 풍납동,30,37.535845,127.117155
,서울특별시 송파구 풍납동,30,37.536449,127.117015
,서울특별시 송파구 풍납동,30,37.535749,127.116865
,서울특별시 송파구 풍납동,30,37.535961,127.11664
,서울특별시 송파구 풍납동,30,37.536139,127.117311
,서울특별시 송파구 잠실동 47,30,37.510523,127.101766
,서울특별시 송파구 오금동 117-1,30,37.503132,127.14086
,서울특별시 송파구 풍납1동 490-7,30,37.534559,127.121416
,서울특별시 송파구 방이동 124-35,30,37.510019,127.117525
,서울특별시 송파구 방이동 158,30,37.512973,127.118779
,서울특별시 송파구 오금동 158-17,30,37.498418,127.139307
,서울특별시 송파구 오금동 33-21,30,37.505742,127.130417
,서울특별시 송파구 오금동 96-14,30,37.507226,127.134928
,서울특별시 송파구 오금동 116-12,30,37.503742,127.14054
,서울특별시 송파구 송파2동 176-5,30,37.502065,127.115912
,서울특별시 송파구 송파동 194-2,30,37.500358,127.112976
,서울특별시 송파구 방이동 125,30,37.507477,127.119507
,서울특별시 송파구 방이동 125,30,37.507778,127.117813
,서울특별시 송파구 방이동 125,30,37.508507,127.117577
,서울특별시 송파구 풍납동 76-1,30,37.537458,127.12012
,서울특별시 송파구 방이동 141-2,30,37.510607,127.116734
,서울특별시 송파구 방이동 146-9,30,37.511213,127.115186
,서울특별시 송파구 석촌동 273-15,30,37.500359,127.107216
,서울특별시 송파구 풍납동 482-9,30,37.535301,127.121452
,서울특별시 송파구 풍납동 314,30,37.528214,127.110725
,서울특별시 송파구 풍납동 126-18,30,37.537721,127.117211
,서울특별시 송파구 풍납동 141-19,30,37.537218,127.119136
,서울특별시 송파구 거여동 128-3,30,37.498447,127.144581
,서울특별시 송파구 거여동 550-2,30,37.492198,127.148518
,서울특별시 송파구 마천동 211-45,30,37.493662,127.15544
,서울특별시 송파구 마천동 368-7,30,37.494536,127.15759
,서울특별시 송파구 마천동 15-7,30,37.501883,127.143207
,서울특별시 송파구 마천동 337-4,30,37.501296,127.154069
,서울특별시 송파구 마천동 5-1,30,37.502006,127.147985
,서울특별시 송파구 방이동 143-4,30,37.512165,127.117288
,서울특별시 송파구 방이동 193-14,30,37.51178,127.124237
,서울특별시 송파구 방이동 139,30,37.511848,127.117756
,서울특별시 송파구 방이동 220,30,37.508895,127.122274
,서울특별시 송파구 방이동 160-9,30,37.512386,127.120327
,서울특별시 송파구 방이동 116-20,30,37.510377,127.115079
,서울특별시 송파구 방이동 168-16,30,37.513103,127.119423
,서울특별시 송파구 오금동 132,30,37.50168,127.140477
,서울특별시 송파구 오금동 123,30,37.504635,127.138012
,서울특별시 송파구 오금동 55-4,30,37.502215,127.132668
,서울특별시 송파구 오금동 150-2,30,37.500828,127.137809
,서울특별시 송파구 송파동 36-2,30,37.509279,127.107445
,서울특별시 송파구 송파동 87-7,30,37.504272,127.108696
,서울특별시 송파구 송파동 175-3,30,37.502995,127.115664
,서울특별시 송파구 송파동 92-8,30,37.504301,127.110143
,서울특별시 송파구 송파동 136-2,30,37.509421,127.112748
,서울특별시 송파구 석촌동 184-8,30,37.506336,127.105286
,서울특별시 송파구 석촌동 292-10,30,37.502835,127.108693
,서울특별시 송파구 석촌동 13-13,30,37.503307,127.098711
,서울특별시 송파구 석촌동 153-8,30,37.505142,127.102455
,서울특별시 송파구 삼전동 165-11,30,37.500733,127.093512
,서울특별시 송파구 가락동 144-8,30,37.49522,127.126
,서울특별시 송파구 가락동 2-5,30,37.503357,127.125343
,서울특별시 송파구 가락동 82-8,30,37.495499,127.119339
,서울특별시 송파구 가락동 83-7,30,37.496117,127.118568
,서울특별시 송파구 거여동 289-5,30,37.48975,127.142876
,서울특별시 송파구 거여동 557-2,30,37.493393,127.142189
,서울특별시 송파구 거여동 36-15,30,37.493454,127.146248
,서울특별시 송파구 거여동 567,30,37.492241,127.144241
,서울특별시 송파구 마천동 271-35,30,37.492443,127.158231
,서울특별시 송파구 마천동 362-25,30,37.495068,127.155685
,서울특별시 송파구 마천동 128-31,30,37.496193,127.149559
,서울특별시 송파구 마천동 581,30,37.497986,127.155602
,서울특별시 송파구 마천동 358-1,30,37.496262,127.155655
,서울특별시 송파구 마천동 279-1,30,37.492863,127.157059
,서울특별시 송파구 마천동 93-5,30,37.499119,127.149117
,서울특별시 송파구 마천동 90-13,30,37.501019,127.14949
,서울특별시 송파구 마천동 51-3,30,37.501701,127.150009
,서울특별시 송파구 마천동 7,30,37.501194,127.147049
,서울특별시 송파구 문정동 55-14,30,37.486546,127.122994
,서울특별시 송파구 문정동 16,30,37.487289,127.128616
,서울특별시 송파구 문정동 40-15,30,37.487667,127.124313
,서울특별시 송파구 삼전동 182-9,30,37.49939,127.096626
,서울특별시 송파구 삼전동 7,30,37.505478,127.089165
,서울특별시 송파구 삼전동 109,30,37.506229,127.093857
,서울특별시 송파구 삼전동 37-17,30,37.500988,127.088203
,서울특별시 송파구 마천동 1-39,30,37.503538,127.144803
,서울특별시 송파구 송파동 147-18,30,37.507124,127.116827
,서울특별시 송파구 신천동 17,30,37.523094,127.111665
,서울특별시 송파구 삼전동 123-2,30,37.50433,127.096542
,서울특별시 송파구 삼전동 22-4,30,37.506893,127.092674
,서울특별시 송파구 잠실동 315-4,30,37.504936,127.083092
,서울특별시 송파구 석촌동 1-4,30,37.506081,127.098755
,서울특별시 송파구 석촌동 54-29,30,37.503876,127.100075
,서울특별시 송파구 문정동 150,30,37.486809,127.114994
,서울특별시 송파구 문정동 150,30,37.487931,127.11823
,서울특별시 송파구 문정동 150,30,37.486268,127.113397
,서울특별시 송파구 잠실동 47,30,37.508518,127.097783
,서울특별시 송파구 마천동 309-41,30,37.493232,127.153273
,서울특별시 송파구 잠실동 233-6,30,37.506428,127.085384
,서울특별시 송파구 풍납동 292-1,30,37.533814,127.1128
,서울특별시 송파구 석촌동 154-8,30,37.505635,127.102561
,서울특별시 송파구 거여2동 258-108,30,37.491281,127.147529
,서울특별시 송파구 거여2동 258-99,30,37.491276,127.147986
,서울특별시 송파구 마천1동 125-22,30,37.497813,127.148465
,서울특별시 송파구 송파1동 108-8,30,37.504379,127.111771
,서울특별시 송파구 마천동 180-11,30,37.495895,127.150968
,서울특별시 송파구 석촌동 238,30,37.500294,127.100193
,서울특별시 송파구 삼전동 172,30,37.499352,127.094834
,서울특별시 송파구 가락본동 16,30,37.50111,127.124633
,서울특별시 송파구 석촌동 235-11,30,37.502213,127.099899
,서울특별시 송파구 석촌동 247,30,37.502531,127.101045
,서울특별시 송파구 풍납1동 473-1,30,37.538177,127.122626
,서울특별시 송파구 마천1동 323-197,30,37.491853,127.155409
,서울특별시 송파구 석촌동 286-9,30,37.504093,127.10606
,서울특별시 송파구 송파1동 115-9,30,37.505917,127.11191
,서울특별시 송파구 마천1동 355-1,30,37.497164,127.155419
,서울특별시 송파구 풍납동 297-1,30,37.534993,127.112154
,서울특별시 송파구 삼전동 73-8,30,37.501836,127.093843
,서울특별시 송파구 삼전동 98-9,30,37.504581,127.093086
,서울특별시 송파구 마천2동 35-4,30,37.49905,127.14641
,서울특별시 송파구 마천2동 47-13,30,37.500954,127.148587
,서울특별시 송파구 마천2동 49-10,30,37.499865,127.148015
,서울특별시 송파구 삼전동 53-6,30,37.499795,127.090957
,서울특별시 송파구 가락본동 1,30,37.502841,127.12314
,서울특별시 송파구 송파동 128,30,37.506867,127.113502
,서울특별시 송파구 가락동 129,30,37.494215,127.125246
,서울특별시 송파구 마천2동 191-30,30,37.497565,127.152965
,서울특별시 송파구 가락동 124-21,30,37.493233,127.125533
,서울특별시 송파구 마천2동 140,30,37.498589,127.15036
,서울특별시 송파구 송파동 107,30,37.505051,127.112808
,서울특별시 송파구 마천2동 162-8,30,37.499383,127.152722
,서울특별시 송파구 방이동 131-5,30,37.510507,127.120443
,서울특별시 송파구 방이동 105-13,30,37.51101,127.111876
,서울특별시 송파구 가락동 150-16,30,37.497477,127.125954
,서울특별시 송파구 가락2동 193-12,30,37.49489,127.131365
,서울특별시 송파구 방이동 168-1,30,37.514057,127.120575
,서울특별시 송파구 풍납1동 169-3,30,37.534774,127.117025
,서울특별시 송파구 가락동 164-9,30,37.497181,127.13155
,서울특별시 송파구 삼전동 182-10,30,37.500044,127.096258
,서울특별시 송파구 삼전동 100-10,30,37.503931,127.091497
,서울특별시 송파구 삼전동 46-8,30,37.502772,127.089079
,서울특별시 송파구 가락동 72-11,30,37.497512,127.120503
,서울특별시 송파구 가락동 175-17,30,37.496288,127.136442
,서울특별시 송파구 가락동 135-24,30,37.493172,127.127861
,서울특별시 송파구 가락동 46,30,37.499476,127.122206
,서울특별시 송파구 송파구 가락동 152-18,30,37.498199,127.126244
,서울특별시 송파구 장지동 612-8,30,37.470021,127.125556
,서울특별시 송파구 문정동 34-7,30,37.487087,127.12542
,서울특별시 송파구 송파구 문정동 32-3,30,37.488444,127.125851
,서울특별시 송파구 문정동 96,30,37.483456,127.128658
,서울특별시 송파구 문정동 139-16,30,37.490223,127.133987
,서울특별시 송파구 잠실동 327-6,30,37.502214,127.085377
,서울특별시 송파구 잠실동 252,30,37.506855,127.089432
,서울특별시 송파구 잠실동 311,30,37.505391,127.081011
,서울특별시 송파구 잠실동 322-1,30,37.503951,127.08215
,서울특별시 송파구 잠실6동 11-9,30,37.516727,127.104797
,서울특별시 송파구 풍납동 234-6,30,37.531235,127.11689
,서울특별시 송파구 마천동 50-1,30,37.501598,127.14859
,서울특별시 송파구 마천동 349-9,30,37.500229,127.153069
,서울특별시 송파구 마천동 190-37,30,37.496918,127.153023
,서울특별시 송파구 송파동 85-11,30,37.505798,127.109665
,서울특별시 송파구 석촌동 161-3,30,37.506977,127.102875
,서울특별시 송파구 삼전동 48-7,30,37.503143,127.090523
,서울특별시 송파구 신천동 15,30,37.519943,127.104034
,서울특별시 송파구 삼전동 67-1,30,37.499981,127.092003
,서울특별시 송파구 송파동 47-3,30,37.509018,127.11087
,서울특별시 송파구 풍납2동 388,30,37.529998,127.110359
,서울특별시 송파구 풍납1동 485-14,30,37.535131,127.120569
,서울특별시 송파구 풍납동 251,30,37.532104,127.115143
,서울특별시 송파구 풍납동 229-14,30,37.534248,127.117142
,서울특별시 송파구 풍납동 159-11,30,37.533772,127.118652
,서울특별시 송파구 풍납동 400-1,30,37.528023,127.117653
,서울특별시 송파구 거여동 178-13,30,37.495258,127.144836
,서울특별시 송파구 마천2동 126-5,30,37.497131,127.148941
,서울특별시 송파구 마천동 38-1,30,37.499901,127.146317
,서울특별시 송파구 오금동 157-7,30,37.498466,127.140869
,서울특별시 송파구 송파동 188-3,30,37.499146,127.113525
,서울특별시 송파구 문정동 4-15,30,37.490686,127.125928
,서울특별시 송파구 석촌동 229-3,30,37.499967,127.100284
,서울특별시 송파구 삼전동 116,30,37.5046,127.094398
,서울특별시 송파구 송파동 113,30,37.506293,127.110273
,서울특별시 송파구 풍납동 469-3,30,37.529113,127.109213
,서울특별시 송파구 문정동 70,30,37.483149,127.124653
,서울특별시 송파구 문정동 11-11,30,37.489155,127.127952
,서울특별시 송파구 문정동 150-10,30,37.489716,127.111925
,서울특별시 송파구 장지동 836,30,37.481737,127.130867
,서울특별시 송파구 잠실본동 239-8,30,37.506539,127.087686
,서울특별시 송파구 잠실본동 229,30,37.506924,127.085123
,서울특별시 송파구 잠실동 255,30,37.511875,127.078415
,서울특별시 송파구 신천동 17,30,37.521686,127.105196
,서울특별시 송파구 문정동 50-7,30,37.486596,127.124446
,서울특별시 송파구 신천동 7-2,30,37.517475,127.100325
,서울특별시 송파구 마천동 607,30,37.497406,127.158783
,서울특별시 송파구 마천동 607,30,37.494081,127.158461
,서울특별시 송파구 마천동 607,30,37.49419,127.159432
,서울특별시 송파구 마천동 582,30,37.499581,127.159798
,서울특별시 송파구 마천동 582,30,37.499412,127.159184
,서울특별시 송파구 송파구 오금동 51,30,37.502592,127.129558
,서울특별시 송파구 오금동 51,30,37.503578,127.132103
,서울특별시 송파구 오금동 51,30,37.500722,127.134791
,서울특별시 송파구 삼전동 53-11,30,37.499786,127.089249
,서울특별시 송파구 잠실동 39,30,37.512585,127.098183
,서울특별시 송파구 잠실동 50,30,37.51046,127.07161
,서울특별시 송파구 풍납동 88-77,30,37.538015,127.11753
,서울특별시 송파구 풍납동 165-2,30,37.53382,127.11772
,서울특별시 송파구 풍납동 403-2,30,37.528952,127.11577
,서울특별시 송파구 풍납동 388-8,30,37.526086,127.112454
,서울특별시 송파구 거여동 136-106,30,37.496222,127.144907
,서울특별시 송파구 거여동 5-3,30,37.498539,127.141965
,서울특별시 송파구 거여동 13-19,30,37.496841,127.140801
,서울특별시 송파구 거여동 568-5,30,37.492237,127.145012
,서울특별시 송파구 거여동 40-11,30,37.493783,127.14541
,서울특별시 송파구 마천동 308-23,30,37.492756,127.153457
,서울특별시 송파구 마천동 321-15,30,37.492911,127.155039
,서울특별시 송파구 마천동 143-17,30,37.497494,127.151421
,서울특별시 송파구 마천동 24-1,30,37.500397,127.144323
,서울특별시 송파구 송파동 166,30,37.504837,127.12027
,서울특별시 송파구 석촌동 246-28,30,37.503635,127.103539
,서울특별시 송파구 석촌동 150-13,30,37.50441,127.102379
,서울특별시 송파구 석촌동 60-13,30,37.503315,127.101517
,서울특별시 송파구 삼전동 22-3,30,37.507133,127.09269
,서울특별시 송파구 가락동 70,30,37.497627,127.119659
,서울특별시 송파구 가락동 28,30,37.500637,127.122528
,서울특별시 송파구 가락동 111-22,30,37.49263,127.122429
,서울특별시 송파구 가락동 164-14,30,37.496075,127.130699
,서울특별시 송파구 가락동 186-8,30,37.494316,127.135399
,서울특별시 송파구 가락동 196-4,30,37.493366,127.1315
,서울특별시 송파구 가락동 163,30,37.498005,127.130341
,서울특별시 송파구 문정동 83-4,30,37.482105,127.127022
,서울특별시 송파구 문정동 73-2,30,37.480915,127.126656
,서울특별시 송파구 문정동 83-8,30,37.483437,127.127419
,서울특별시 송파구 문정동 63-9,30,37.485481,127.126236
,서울특별시 송파구 잠실동 213-4,30,37.508389,127.083572
,서울특별시 송파구 신천동 17-3,30,37.523038,127.105178
,서울특별시 송파구 잠실본동 236-17,30,37.505623,127.08683
,서울특별시 송파구 잠실동 129,30,37.503998,127.07536
,서울특별시 송파구 잠실동 145,30,37.508526,127.071327
,서울특별시 송파구 오금동 27,30,37.506882,127.131401
,서울특별시 송파구 가락동 37,30,37.498867,127.124405
,서울특별시 송파구 가락동 152-3,30,37.497643,127.126724
,서울특별시 송파구 가락동 195,30,37.493359,127.13102
,서울특별시 송파구 문정동 2,30,37.490379,127.132263
,서울특별시 송파구 문정동 2-5,30,37.486652,127.12957
,서울특별시 송파구 문정동 2-5,30,37.487942,127.131165
,서울특별시 송파구 문정동 2-5,30,37.486023,127.125069
,서울특별시 송파구 문정동 2-5,30,37.492893,127.136826
,서울특별시 송파구 잠실동 19,30,37.514129,127.081279
,서울특별시 송파구 풍납동 279-2,30,37.532948,127.115044
,서울특별시 송파구 거여동 181-298,30,37.496193,127.146767
,서울특별시 송파구 거여동 258-144,30,37.492837,127.142756
,서울특별시 송파구 거여동 291-1,30,37.4909,127.147334
,서울특별시 송파구 마천동 283-33,30,37.493759,127.157036
,서울특별시 송파구 마천동 340-10,30,37.500504,127.154091
,서울특별시 송파구 마천동118-19,30,37.498129,127.146977
,서울특별시 송파구 방이동64-5,30,37.514797,127.109261
,서울특별시 송파구 마천동 128-50,30,37.496351,127.148994
,서울특별시 송파구 마천동 159-221,30,37.499078,127.15488
,서울특별시 송파구 방이동 127-7,30,37.508812,127.118697
,서울특별시 송파구 방이동 133-3,30,37.51125,127.119667
,서울특별시 송파구 방이동 134-6,30,37.509764,127.118796
,서울특별시 송파구 방이동 70-3,30,37.513743,127.110376
,서울특별시 송파구 방이동 104-5,30,37.512343,127.112095
,서울특별시 송파구 방이동 170,30,37.514515,127.119212
,서울특별시 송파구 방이동 45-4,30,37.516172,127.114554
,서울특별시 송파구 오금동 66-12,30,37.503012,127.135197
,서울특별시 송파구 오금동 61번지,30,37.501471,127.135551
,서울특별시 송파구 오금동 29-4,30,37.507887,127.131867
,서울특별시 송파구 오금동 8,30,37.508758,127.130788
,서울특별시 송파구 오금동 53-12,30,37.50236,127.133148
,서울특별시 송파구 송파동 117-7,30,37.506537,127.112914
,서울특별시 송파구 송파동 20-11,30,37.508263,127.109596
,서울특별시 송파구 송파동 118-11,30,37.506214,127.113449
,서울특별시 송파구 송파동 117-29,30,37.506412,127.112464
,서울특별시 송파구 송파동 117-12,30,37.505704,127.112226
,서울특별시 송파구 송파동 99,30,37.502858,127.113434
,서울특별시 송파구 송파동 산 162-3,30,37.504833,127.117071
,서울특별시 송파구 석촌동 297-28,30,37.501114,127.109757
,서울특별시 송파구 석촌동 244-4,30,37.501444,127.10157
,서울특별시 송파구 석촌동 217-9,30,37.4996,127.097317
,서울특별시 송파구 석촌동 158-11,30,37.506967,127.101775
,서울특별시 송파구 석촌동 283,30,37.503357,127.105172
,서울특별시 송파구 삼전동 118-4,30,37.50357,127.094147
,서울특별시 송파구 삼전동 33-7,30,37.502816,127.087462
,서울특별시 송파구 삼전동 53,30,37.500289,127.089295
,서울특별시 송파구 삼전동 164-5,30,37.500899,127.094953
,서울특별시 송파구 가락동 108-11,30,37.491448,127.125114
,서울특별시 송파구 가락동 133-13,30,37.493118,127.126882
,서울특별시 송파구 가락동 142-3,30,37.496038,127.126015
,서울특별시 송파구 가락동 154-19,30,37.497051,127.128464
,서울특별시 송파구 가락동 125-10,30,37.492416,127.126296
,서울특별시 송파구 문정동 8-23,30,37.490051,127.127396
,서울특별시 송파구 문정동 46-8,30,37.487975,127.122786
,서울특별시 송파구 문정동 80-9,30,37.481832,127.128706
,서울특별시 송파구 문정동 93,30,37.484641,127.128242
,서울특별시 송파구 방이동 192-6,30,37.512573,127.123543
,서울특별시 송파구 방이동 127-4,30,37.507957,127.119408
,서울특별시 송파구 오금동126,30,37.503716,127.137253
,서울특별시 송파구 오금동 110,30,37.503597,127.142113
,서울특별시 송파구 송파동 95-3,30,37.503556,127.110103
,서울특별시 송파구 석촌동 249,30,37.500332,127.102074
,서울특별시 송파구 삼전동 70,30,37.499313,127.092979
,서울특별시 송파구 삼전동 172-2,30,37.49835,127.094533
,서울특별시 송파구 가락동 181-15,30,37.495084,127.134503
,서울특별시 송파구 문정동 93-19,30,37.484314,127.129608
,서울특별시 송파구 잠실본동 230-1,30,37.506161,127.084763
,서울특별시 송파구 신천동 9,30,37.52154,127.100058
,서울특별시 송파구 잠실동 341,30,37.501549,127.083519
,서울특별시 송파구 마천동 178-85,30,37.496693,127.152222
,서울특별시 송파구 가락동 197-5,30,37.492542,127.131073
,서울특별시 송파구 위례동 6,30,37.478291,127.141441
,서울특별시 송파구 위례동 7,30,37.479591,127.138733
,서울특별시 송파구 위례동 1,30,37.476097,127.137512
,서울특별시 송파구 위례동 2,30,37.474495,127.140617
,서울특별시 송파구 위례동 3,30,37.477261,127.141518
,서울특별시 송파구 위례동 4,30,37.477352,127.139122
,서울특별시 송파구 위례동 5,30,37.478458,127.139145
,서울특별시 송파구 거여동 20-7,30,37.494377,127.142204
,서울특별시 송파구 마천동 184-36,30,37.49633,127.153351
,서울특별시 송파구 장지동 847-1,30,37.48148,127.131393
,서울특별시 송파구 장지동 853,30,37.481197,127.134666
,서울특별시 송파구 신천동 17,30,37.522038,127.1073
,서울특별시 송파구 신천동 7-13,30,37.516911,127.100273
,서울특별시 송파구 거여동 296-2,30,37.488226,127.143614
,서울특별시 송파구 가락동 14,30,37.501263,127.125092
,서울특별시 송파구 방이동 189,30,37.511162,127.125031
,서울특별시 송파구 잠실동 338,30,37.503857,127.086327
,서울특별시 송파구 신천동 20-7,30,37.519745,127.109673
,서울특별시 송파구 송파동 152,30,37.503948,127.11573
,서울특별시 송파구 장지동 565-5,30,37.469204,127.126015
,서울특별시 송파구 방이동 224-19,30,37.50647,127.122292
,서울특별시 송파구 송파동 111-44,30,37.505821,127.111321
,서울특별시 송파구 석촌동 252-14,30,37.49918,127.102554
,서울특별시 송파구 잠실동 206-3,30,37.509136,127.084084
,서울특별시 송파구 잠실동 19-4,30,37.516293,127.079483
,서울특별시 송파구 마천동 162-15,30,37.499523,127.152268
,서울특별시 송파구 마천동 146-7,30,37.498524,127.15126
,서울특별시 송파구 마천동 135-5,30,37.497101,127.149803
,서울특별시 송파구 풍납동 277-5,30,37.53248,127.1143
,서울특별시 송파구 거여동 178-80,30,37.495865,127.143898
,서울특별시 송파구 방이동 220,30,37.509529,127.122337
,서울특별시 송파구 오금동 4-7,30,37.509205,127.132591
,서울특별시 송파구 오금동 119-26,30,37.50304,127.13958
,서울특별시 송파구 송파동 116-9,30,37.506763,127.111191
,서울특별시 송파구 석촌동 278-9,30,37.501743,127.107895
,서울특별시 송파구 석촌동 263-5,30,37.502583,127.10405
,서울특별시 송파구 삼전동 71-15,30,37.500809,127.093063
,서울특별시 송파구 삼전동 174,30,37.50013,127.094978
,서울특별시 송파구 삼전동 111-5,30,37.506664,127.095635
,서울특별시 송파구 가락동 109,30,37.49086,127.123779
,서울특별시 송파구 잠실동 231-19,30,37.507233,127.084541
,서울특별시 송파구 신천동 20-7,30,37.520226,127.113922
,서울특별시 송파구 신천동 20-5,30,37.519997,127.112389
,서울특별시 송파구 방이동 168-6,30,37.512779,127.119736
,서울특별시 송파구 풍납동 388-1,30,37.526825,127.107277
,서울특별시 송파구 잠실동 44,30,37.510113,127.093224
,서울특별시 송파구 잠실동 47,30,37.509785,127.097717
,서울특별시 송파구 신천동 29-5,30,37.514805,127.105393
,서울특별시 송파구 신천동 29,30,37.514206,127.103546
,서울특별시 송파구 신천동 7-18,30,37.514088,127.102005
,서울특별시 송파구 신천동 32,30,37.51305,127.10611
,서울특별시 송파구 거여동 371-1,30,37.492476,127.141833
,서울특별시 송파구 마천동 45,30,37.500008,127.148628
,서울특별시 송파구 마천동 11,30,37.501701,127.145737
,서울특별시 송파구 오금동 132,30,37.501755,127.139961
,서울특별시 송파구 오금동 156,30,37.498978,127.138947
,서울특별시 송파구 송파동 34,30,37.509586,127.107056
,서울특별시 송파구 송파동 129,30,37.507317,127.112968
,서울특별시 송파구 삼전동 70,30,37.49958,127.092629
,서울특별시 송파구 삼전동 62-1,30,37.502522,127.09259
,서울특별시 송파구 가락동 37,30,37.497654,127.124023
,서울특별시 송파구 문정동 66,30,37.484756,127.125198
,서울특별시 송파구 역사부지공원1,30,37.536049,127.114197
,서울특별시 송파구 역사부지공원2,30,37.5364,127.114075
,서울특별시 송파구 역사부지공원3,30,37.536068,127.113709
,서울특별시 송파구 역사부지공원4,30,37.535873,127.113213
,서울특별시 송파구 역사부지공원5,30,37.535725,127.113464
,서울특별시 송파구 역사부지공원6,30,37.535553,127.113167
,서울특별시 송파구 역사부지공원7,30,37.535389,127.113709
,서울특별시 송파구 역사부지공원8,30,37.535728,127.113937
,서울특별시 송파구 역사부지공원9,30,37.535709,127.11451
,서울특별시 송파구 역사부지공원10,30,37.535213,127.114342
,서울특별시 송파구 역사부지공원11,30,37.535717,127.115082
,서울특별시 송파구 역사부지공원12,30,37.535248,127.114983
,서울특별시 송파구 풍납동 499-4,30,37.533775,127.120468
,서울특별시 송파구 풍납동 257-24,30,37.529984,127.114716
,서울특별시 송파구 거여1동 133-82,30,37.497787,127.146271
,서울특별시 송파구 마천동 322-12,30,37.493092,127.154511
,서울특별시 송파구 마천동 167-9,30,37.498627,127.152626
,서울특별시 송파구 송파동 137-8,30,37.50853,127.112251
,서울특별시 송파구 송파동 110-15,30,37.504406,127.112526
,서울특별시 송파구 석촌동 253-2,30,37.499264,127.103767
,서울특별시 송파구 석촌동 287-9,30,37.504211,127.107414
,서울특별시 송파구 문정동 21-5,30,37.488766,127.127342
,서울특별시 송파구 장지동 862,30,37.480457,127.13784
,서울특별시 송파구 장지동 838,30,37.48089,127.1284
,서울특별시 송파구 풍납동 87-9,30,37.538357,127.119087
,서울특별시 송파구 풍납동 126-204,30,37.536671,127.116173
,서울특별시 송파구 풍납동 258-12,30,37.531429,127.113884
,서울특별시 송파구 풍납동 269-9,30,37.530128,127.112747
,서울특별시 송파구 방이동 187-14,30,37.511475,127.12561
,서울특별시 송파구 방이동135-11,30,37.510925,127.119423
,서울특별시 송파구 방이동 174,30,37.5149,127.117943
,서울특별시 송파구 방이동 144-11,30,37.511852,127.116066
,서울특별시 송파구 방이동 124-31,30,37.509079,127.115807
,서울특별시 송파구 방이동 89-6,30,37.51524,127.1393
,서울특별시 송파구 송파동 104,30,37.504047,127.113434
,서울특별시 송파구 송파동 57-13,30,37.511036,127.109169
,서울특별시 송파구 송파동 98-29,30,37.501747,127.111794
,서울특별시 송파구 송파동 97-42,30,37.500698,127.112274
,서울특별시 송파구 신천동 20-1,30,37.519573,127.109573
,서울특별시 송파구 거여동 550-12,30,37.492222,127.149231
,서울특별시 송파구 풍납동 130-33,30,37.537736,127.118866
,서울특별시 송파구 풍납동 276-29,30,37.531106,127.113301
,서울특별시 송파구 풍납동 306-2,30,37.531661,127.112142
,서울특별시 송파구 거여동 1-7,30,37.499091,127.144219
,서울특별시 송파구 거여동 45-1,30,37.493546,127.147411
,서울특별시 송파구 마천동 12-1,30,37.502342,127.145483
,서울특별시 송파구 방이동 186,30,37.511644,127.126748
,서울특별시 송파구 방이동 222-5,30,37.506997,127.120322
,서울특별시 송파구 방이동 58,30,37.515331,127.110998
,서울특별시 송파구 방이동 55-3,30,37.515307,127.112836
,서울특별시 송파구 방이동 35,30,37.515806,127.108883
,서울특별시 송파구 오금동 53-3,30,37.502951,127.133004
,서울특별시 송파구 오금동 152-3,30,37.499545,127.137527
,서울특별시 송파구 송파동 18-19,30,37.505937,127.107297
,서울특별시 송파구 송파동 97-47,30,37.501383,127.112357
,서울특별시 송파구 송파동 191,30,37.499819,127.112739
,서울특별시 송파구 석촌동 221-14,30,37.497621,127.09748
,서울특별시 송파구 석촌동 261,30,37.501815,127.102999
,서울특별시 송파구 석촌동 175,30,37.505394,127.105011
,서울특별시 송파구 삼전동 61-5,30,37.502631,127.090922
,서울특별시 송파구 가락동 98-5,30,37.493898,127.119068
,서울특별시 송파구 가락동 18-5,30,37.502027,127.12551
,서울특별시 송파구 가락동 173-18,30,37.495787,127.134388
,서울특별시 송파구 가락동 177-3,30,37.493941,127.13681
,서울특별시 송파구 가락동 191-5,30,37.495407,127.134628
,서울특별시 송파구 문정동 25-9,30,37.488972,127.125603
,서울특별시 송파구 잠실동 101-1,30,37.503777,127.074074
,서울특별시 송파구 잠실동 320,30,37.502144,127.082031
,서울특별시 송파구 잠실동 299-19,30,37.504414,127.080582
,서울특별시 송파구 석촌동 212,30,37.501625,127.097466
,서울특별시 송파구 석촌동 269-11,30,37.501171,127.104721
,서울특별시 송파구 석촌동 280,30,37.502354,127.10601
,서울특별시 송파구 석촌동 34-8,30,37.502125,127.086891
,서울특별시 송파구 삼전동 11,30,37.505013,127.090088
,서울특별시 송파구 잠실동 241-14,30,37.507717,127.086586
,서울특별시 송파구 잠실동 251,30,37.506157,127.088875
,서울특별시 송파구 풍납동175,30,37.535671,127.116455
,서울특별시 송파구 마천동183-48,30,37.494911,127.152695
,서울특별시 송파구 오금동56-5,30,37.502388,127.133728
,서울특별시 송파구 오금동159,30,37.497013,127.140335
,서울특별시 송파구 송파동181-1,30,37.500729,127.115837
,서울특별시 송파구 송파동172,30,37.502048,127.117111
,서울특별시 송파구 석촌동160-1,30,37.507498,127.103124
,서울특별시 송파구 삼전동61-12,30,37.502598,127.092308
,서울특별시 송파구 가락본동,30,37.49958,127.120667
,서울특별시 송파구 문정동64-4,30,37.484482,127.12632
,서울특별시 송파구 방이동197,30,37.511688,127.121933
,서울특별시 송파구 문정동 626,30,37.478634,127.123566
,서울특별시 송파구 문정동 619,30,37.481472,127.122032
,서울특별시 송파구 장지동 841-4,30,37.477154,127.127571
,서울특별시 송파구 잠실동 19-9,30,37.512581,127.085197
,서울특별시 송파구 장지동 861-4,30,37.479614,127.136154
,서울특별시 송파구 장지동 861-4,30,37.479836,127.136826
,서울특별시 송파구 거여동145,30,37.494244,127.139938
,서울특별시 송파구 방이동52,30,37.514557,127.113983
,서울특별시 송파구 오금동123-2,30,37.504688,127.137238
,서울특별시 송파구 가락본동110,30,37.491627,127.124291
,서울특별시 송파구 가락본동118,30,37.492653,127.123886
,서울특별시 송파구 문정동92,30,37.485584,127.129227
,서울특별시 송파구 잠실본동230,30,37.506336,127.083756
,서울특별시 송파구 거여동 11,30,37.49741,127.141075
,서울특별시 송파구 거여동 552-4,30,37.494118,127.14151
,서울특별시 송파구 거여동 226-7,30,37.492069,127.150345
,서울특별시 송파구 거여동 548,30,37.491837,127.148216
,서울특별시 송파구 마천동 366-1,30,37.494595,127.156319
,서울특별시 송파구 마천동 311-112,30,37.493206,127.155113
,서울특별시 송파구 마천동 571,30,37.491615,127.158356
,서울특별시 송파구 마천동 88-34,30,37.500252,127.149895
,서울특별시 송파구 마천동 124-33,30,37.498337,127.148949
,서울특별시 송파구 마천동 348-8,30,37.499928,127.154022
,서울특별시 송파구 오금동 52-10,30,37.503826,127.133003
,서울특별시 송파구 오금동 70-18,30,37.504158,127.134903
,서울특별시 송파구 오금동 154-3,30,37.499813,127.138672
,서울특별시 송파구 석촌동 184-4,30,37.507332,127.104683
,서울특별시 송파구 석촌동 296,30,37.501072,127.108635
,서울특별시 송파구 석촌동 77-4,30,37.504478,127.103859
,서울특별시 송파구 석촌동 2-12,30,37.504742,127.097687
,서울특별시 송파구 석촌동 227,30,37.499336,127.098831
,서울특별시 송파구 석촌동 297-43,30,37.501507,127.10994
,서울특별시 송파구 삼전동 72-14,30,37.501934,127.0952
,서울특별시 송파구 삼전동 65-22,30,37.500137,127.092842
,서울특별시 송파구 삼전동 8-4,30,37.504601,127.08902
,서울특별시 송파구 삼전동 50-19,30,37.501896,127.090538
,서울특별시 송파구 삼전동 108-2,30,37.505711,127.094765
,서울특별시 송파구 삼전동 117-12,30,37.503738,127.095444
,서울특별시 송파구 가락동 96-15,30,37.49485,127.11747
,서울특별시 송파구 가락동 77-7,30,37.495174,127.121429
,서울특별시 송파구 가락동 101-6,30,37.48991,127.121193
,서울특별시 송파구 가락동 158-24,30,37.500664,127.128632
,서울특별시 송파구 가락동 169-7,30,37.496494,127.134644
,서울특별시 송파구 가락동 182-8,30,37.492798,127.135399
,서울특별시 송파구 문정동 26-5,30,37.489544,127.126129
,서울특별시 송파구 문정동 44-8,30,37.488579,127.122444
,서울특별시 송파구 문정동 48-14,30,37.487301,127.123123
,서울특별시 송파구 석촌동 224-12,30,37.498299,127.100632
,서울특별시 송파구 오금동 54-8,30,37.501175,127.132393
,서울특별시 송파구 문정동 137,30,37.489716,127.133408
,서울특별시 송파구 문정동 112-19,30,37.485363,127.132179
,서울특별시 송파구 문정동 863-4,30,37.479717,127.135269
,서울특별시 송파구 잠실동 205-19,30,37.509888,127.083878
,서울특별시 송파구 잠실동 217-6,30,37.507748,127.081818
,서울특별시 송파구 잠실동 249-5,30,37.504963,127.087799
,서울특별시 송파구 문정동 25-6,30,37.488918,127.124996
,서울특별시 송파구 문정동 150-2,30,37.491762,127.119025
,서울특별시 송파구 문정동 75-10,30,37.479897,127.126751
,서울특별시 송파구 문정동 80-14,30,37.48248,127.129293
,서울특별시 송파구 문정동 115-5,30,37.487433,127.131337
,서울특별시 송파구 잠실동 305-7,30,37.504785,127.077794
,서울특별시 송파구 잠실동 180-2,30,37.510742,127.081544
,서울특별시 송파구 신천동 25,30,37.522999,127.115455
,서울특별시 송파구 풍납동 165,30,37.535431,127.117618
,서울특별시 송파구 송파동 169,30,37.501588,127.119109
,서울특별시 송파구 문정동 625,30,37.47893,127.12104
,서울특별시 송파구 문정동 625,30,37.479565,127.121007
,서울특별시 송파구 문정동 633,30,37.478493,127.125024
,서울특별시 송파구 오금동 6,30,37.508367,127.13229
,서울특별시 송파구 가락동 195,30,37.493781,127.131281
,서울특별시 송파구 잠실동 22,30,37.514139,127.087248
,서울특별시 송파구 잠실동 84,30,37.511173,127.077834
,서울특별시 송파구 잠실동 84,30,37.510088,127.076029
,서울특별시 송파구 잠실동 84,30,37.51048,127.075583
,서울특별시 송파구 잠실동 84,30,37.510476,127.074876
,서울특별시 송파구 신천동 32,30,37.512001,127.107752
,서울특별시 송파구 신천동 32,30,37.510216,127.103259
,서울특별시 송파구 신천동 32,30,37.510227,127.101212
,서울특별시 송파구 잠실동 47,30,37.507162,127.098216
,서울특별시 송파구 잠실동 47,30,37.509528,127.102614
,서울특별시 송파구 오금동 21,30,37.508533,127.129395
,서울특별시 송파구 장지동 834-2,30,37.485346,127.132764
,서울특별시 송파구 신천동 17-10,30,37.519426,127.106694
,서울특별시 송파구 문정동 631,30,37.477357,127.121749
,서울특별시 송파구 잠실동 44-6,30,37.507597,127.094111
,서울특별시 송파구 가락동 28,30,37.50053,127.122844
,서울특별시 송파구 오금동 51,30,37.501028,127.132345
,서울특별시 송파구 풍납동 505-2,30,37.530762,127.119743
,서울특별시 송파구 석촌동 54-43,30,37.504953,127.099831
,서울특별시 송파구 석촌동 175-12,30,37.505799,127.106013
,서울특별시 송파구 삼전동 133-11,30,37.502956,127.095378
,서울특별시 송파구 삼전동 107-10,30,37.505278,127.093402
,서울특별시 송파구 가락동 131-5,30,37.494039,127.125881
,서울특별시 송파구 석촌동 242-9,30,37.499496,127.100853
,서울특별시 송파구 거여동 2-16,30,37.498271,127.143934
,서울특별시 송파구 마천동 283-40,30,37.493161,127.156157
,서울특별시 송파구 마천동 370-7,30,37.493605,127.157679
,서울특별시 송파구 오금동 61-6,30,37.502006,127.136237
,서울특별시 송파구 가락동 151-15,30,37.497367,127.126843
,서울특별시 송파구 풍납동 503-1,30,37.531721,127.119827
,서울특별시 송파구 잠실동 50-4,30,37.510621,127.07366